deal_id,city,neighborhood,street,property_type,rooms,size_sqm,floor,total_floors,year_built,condition,has_elevator,has_parking,has_balcony,has_safe_room,deal_date,price_nis,price_per_sqm,source
D100350,ראשון לציון,נאות שקמה,לוי אשכול,בית פרטי,3,110,0,2,1964,דורש שיפוץ,FALSE,no,כן,no,2025-09-07,3054000,27764,רשות המסים
D100479,חולון,נאות רחל,בן גוריון,דירה,2 חדרים,68,4,8,1998,דורש שיפוץ,yes,1,1,כן,2024-10-15,2101000,30897,מתווך
D100242,רמת גן,שכונת הלל,אחד העם,דירה,5.5,136,2,8,2022,חדש מקבלן,כן,כן,כן,כן,2024-02-04,6595000,48493,רשות המסים
D100477,בית-שמש,מרכז ,"הפלמ""ח",דירה,5.5,156,13,15,2000,שמור,כן,כן,TRUE,כן,2024-04-09,"4,331,000",27763,רשות המסים
D100279,הרצליה,נוף ים ,המלך דוד,דירה,4,99,9,15,1966,משופץ,כן,no,כן,לא,2023-12-24,"4,636,000",46828,בעל נכס
D100134,פתח תקווה,אם המושבות,שדרות ירושלים,דירה,2.5,62,0,4,2004,משופץ,כן,כן,TRUE,כן,2025-06-10,2350000,37903,רשות המסים
D100182,נתניה,אגמים,אבן גבירול,פנטהאוז,4.5,140,4,4,1952,משופץ,no,1,TRUE,no,2025-07-27,5851000,41793,בעל נכס
D100301,חיפה,רמות רמז ,ביאליק,פנטהאוז,3.5,113,12,12,1985,חדש מקבלן,TRUE,לא,כן,FALSE,17.07.2026,4370000,38673,בעל נכס
D100311,כפר סבא,הדרים,בן גוריון,דירת גג,4,117,,9,1964,משופץ,כן,,כן,לא,2025-11-26,7228000,61778,רשות המסים
D100017,באר שבע,שכונה ו',הרצל,בית פרטי,3.5,127,0,2,1959,שמור,לא,לא,TRUE,0,15/06/2025,1919000,15110,רשות המסים
D100041,הרצליה,גליל ים,ביאליק,פנטהאוז,2,89,8,8,2011,במצב טוב,כן,0,כן,כן,08/08/2022,8364000,93978,בעל נכס
D100432,כפר סבא,יוספטל,התאנה,פנטהאוז,3,101,15,15,1950,חדש מקבלן,TRUE,FALSE,כן,no,13/04/2024,5132000,50812,רשות המסים
D100511,רעננה,כפר בתיה,הזית,דופלקס,4,142,4,5,1978,חדש מקבלן,yes,TRUE,כן,no,2025-10-10,11317000,79697,רשות המסים
D100407,גבעתיים,"גבעת רמב""ם ",ויצמן,דופלקס,2,56,0,20,,דורש שיפוץ,כן,TRUE,yes,0,2025-05-11,2631000,46982,רשות המסים
D100460,בת ים,רמת הנשיא,שדרות ירושלים,בית פרטי,2.5,73,0,2,2011,שמור,כן,כן,כן,כן,2025-09-10,4023000,55110,רשות המסים
D100220,ראשון לציון,נחלת יהודה,אבן גבירול,דירת גן,4.5,141,,3,1978,דורש שיפוץ,לא,לא,TRUE,no,19/02/2021,3989000,28291,מתווך
D100232,כפר סבא,כפר סבא הירוקה,בן גוריון,דופלקס,3,87,3,15,1987,חדש מקבלן,TRUE,לא,לא,לא,2023-05-17,4884000,56138,רשות המסים
D100171,גבעתיים,רמת יוסף,הרב קוק,דירה,5,141,9,9,1982,שמור,כן,yes,1,0,Aug 2025,6343000,44986,מתווך
D100008,ירושלים ,ארנונה ,רוטשילד,בית פרטי,5,145,0,2,,משופץ,FALSE,כן,לא,FALSE,2024-04-26,6740000,46483,רשות המסים
D100023,חיפה,רמת אלמוגי ,ז'בוטינסקי,דירה,2.5,77,3,20,1971,,TRUE,לא,yes,FALSE,03/02/2026,1882000,24442,מתווך
D100059,רחובות,רחובות ההולנדית,הנביאים,בית פרטי,2,82,0,2,1982,שמור,לא,לא,TRUE,FALSE,23/02/2025,3399000,41451,מתווך
D100402,בית שמש,נופי אביב ,מבצע קדש,דירה,3.5,81,1,12,1981,חדש מקבלן,1,0,כן,לא,23.07.2021,1986000,24519,רשות המסים
D100363,Jerusalem,הר נוף,החשמונאים,פנטהאוז,2,77,3,3,2012,חדש מקבלן,TRUE,TRUE,yes,1,11.10.2023,6932000,90026,מתווך
D100189,כפר סבא,יוספטל,יהודה הלוי,בית פרטי,4,176,0,2,1966,שמור,no,כן,yes,no,2024-05-18,6731000,38244,רשות המסים
D100140,רחובות,קריית משה,אבן גבירול,דירה,5,139,0,3,2005,שמור,yes,TRUE,FALSE,כן,2025-11-13,6873000,49446,מתווך
D100084,בת ים,מרכז העיר,שדרות ירושלים,דירה,4.5,99,18,20,1979,דורש שיפוץ,TRUE,no,no,no,2023-07-02,2966000,29960,רשות המסים
D100046,רמת גן,תל בנימין ,בן גוריון,דירת גג,6,170,15,15,1978,שמור,כן,no,no,לא,2024-07-28,"9,083,000",53429,בעל נכס
D100427,הרצליה,מרכז העיר,אחד העם,דירת גג,3.5,98,9,9,2003,שמור,1,no,כן,1,Nov 2024,6809000,69480,רשות המסים
D100183,נתניה,נאות שקד ,מבצע קדש,דירה,3,68,2,8,1989,שמור,כן,1,לא,0,2024-11-14,2398000,35265,מתווך
D100048,רחובות,נווה יהודה,יהודה הלוי,דופלקס,6,198,2,4,1993,משופץ,no,לא,TRUE,כן,2025-01-08,10307000,52056,רשות המסים
D100425,רמת גן,קריית קריניצי,השרון,דירה,2,54,9,12,,משופץ,כן,no,לא,כן,2023-03-26,3076000,56963,בעל נכס
D100228,ירושלים ,הר נוף,בן גוריון,דירת גן,3,84,0,4,2012,במצב טוב,TRUE,1,TRUE,כן,2025-11-12,6372000,75857,מתווך
D100162,כפר סבא,הדרים,אבן גבירול,דירה,3.5,87,4,6,2023,משופץ,1,yes,yes,yes,2024-09-16,5091000,58517,מתווך
D100151,רמת גן,מרום נווה ,אלנבי,דירה,4.5,122,2,4,1999,דורש שיפוץ,0,כן,כן,no,2021-12-20,4683000,38385,בעל נכס
D100478,פתח תקווה,מרכז ,אחד העם,דופלקס,4 חדרים,115,1,6,1973,שמור,1,לא,yes,0,2025-11-14,4165000,36217,מתווך
D100052,גבעתיים,ארלוזורוב,בן גוריון,בית פרטי,6,204,0,2,2010,דורש שיפוץ,1,,כן,כן,2025-01-08,12064000,59137,מתווך
D100485,תל אביב-יפו,שפירא ,  אלנבי ,דירה,5,131,0,4,1990,במצב טוב,0,0,TRUE,no,2022-12-08,10882000,83069,מתווך
D100447,מודיעין,הפרחים,מבצע קדש,דירת גן,3,89,2,4,2022,שמור,yes,1,TRUE,1,2025-03-22,5053000,56775,בעל נכס
D100223,תל אביב-יפו,שפירא,סוקולוב,דירה,4,,2,3,2012,במצב טוב,TRUE,כן,no,yes,2026-05-02,9114000,,רשות המסים
D100132,נתניה,קריית נורדאו,השרון,פנטהאוז,3.5,110,3,3,2011,משופץ,1,TRUE,כן,כן,14.05.2025,6443000,58573,רשות המסים
D100178,כפר סבא,מרכז ,ויצמן,דירה,3,65,0,5,2005,חדש מקבלן,כן,כן,yes,כן,11/07/2022,3586000,68592,רשות המסים
D100249,הרצליה,נווה עמל,דרך השלום,דירה,3.5,84,12,12,2005,משופץ,1,TRUE,1,yes,2024-05-23,5022000,59786,רשות המסים
D100289,גבעתיים,שינקין,סוקולוב,דירה,4.5,140,4,5,,משופץ,TRUE,0,כן,לא,04.12.2021,"8,307,000",59336,רשות המסים
D100019,אשדוד,רובע ג' ,עמק דותן,דירת גן,4.5,184,10,12,2004,חדש מקבלן,כן,yes,כן,כן,2025-08-15,6533000,35505,רשות המסים
D100382,אשדוד,רובע ג' ,ז'בוטינסקי,דירה,5 חדרים,122,16,20,1982,,yes,כן,כן,לא,05.01.2026,3539000,29008,רשות המסים
D100357,רעננה,מרכז,התאנה,דירה,2,59,1,4,2021,חדש מקבלן,כן,1,לא,1,2022-03-03,3519000,59644,מתווך
D100259,הרצליה,נווה עמל ,דרך השלום,דירה,3.5,,0,4,2021,דורש שיפוץ,yes,לא,לא,כן,2025-11-05,4542000,,רשות המסים
D100318,נתניה,מרכז ,עמק דותן,פנטהאוז,3.5,,3,3,2013,שמור,כן,no,לא,yes,2024-07-13,5600000,,מתווך
D100040,אשדוד,"רובע י""א ",התאנה,דירה  ,5.5,131,1,4,1974,במצב טוב,לא,FALSE,1,FALSE,05.02.2025,3275000,25000,רשות המסים
D100354,באר שבע,נווה זאב ,מבצע קדש,דירת גן,3,108,6,6,1994,דורש שיפוץ,כן,כן,כן,כן,Jun 2026,2644000,24481,רשות המסים
D100174,בית-שמש,רמת בית שמש ג',הרצל,פנטהאוז,3.5,99,4,4,2007,דורש שיפוץ,1,כן,לא,TRUE,10.08.2025,3886000,39253,מתווך
D100078,רחובות,מרכז,דרך השלום,דירה,3.5,90,3,3,2014,,כן,כן,TRUE,כן,26/04/2026,4180000,36139,מתווך
D100380,Tel Aviv-Yafo,פלורנטין,המלך דוד,דירה,5.5,118,12,20,1994,דורש שיפוץ,1,כן,0,TRUE,2023-01-04,6741000,57127,רשות המסים
D100080,אשדוד,"רובע י""א ",הרב קוק,דירה,2,57,1,3,1956,חדש מקבלן,לא,,לא,לא,2022-04-24,1394000,24456,רשות המסים
D100065,חולון,נאות רחל,ויצמן,דירת גן,2.5,85,4,4,1995,חדש מקבלן,no,0,כן,no,2023-11-18,"3,476,000",40894,בעל נכס
D100258,חולון,קריית שרת,השרון,פנטהאוז,5,158,4,4,1983,משופץ,0,no,1,no,2026-02-15,9575000,60601,רשות המסים
D100391,בית שמש,"רמב""ש ג'",אחד העם,דירה,4,109,7,8,2016,דורש שיפוץ,כן,,0,כן,2023-07-04,2686000,24642,בעל נכס
D100240,רמת גן,תל בנימין,שדרות ירושלים,דירת גן,3,98,2,4,1971,שמור,no,לא,כן,0,01/10/2024,5102000,52061,בעל נכס
D100474,הרצליה,מרכז העיר ,"הפלמ""ח",דירה,2.5,61,3,4,2008,במצב טוב,כן,1,TRUE,כן,06/04/2025,3868000,63410,בעל נכס
D100239,חולון,נאות יהודית,לוי אשכול,דירה,4.5,99,1,12,2017,דורש שיפוץ,TRUE,1,TRUE,כן,2024-08-08,3839000,38778,מתווך
D100309,רחובות,שעריים,יהודה הלוי,פנטהאוז,2,66,12,12,2006,דורש שיפוץ,כן,כן,כן,כן,04/05/2026,3534000,53545,רשות המסים
D100025,ראשון לציון,קריית ראשון ,מבצע קדש,דירה,4.5,,10,12,,במצב טוב,1,לא,כן,no,2021-04-03,"2,666,000",,רשות המסים
D100010,כפר סבא,אלי כהן,"הפלמ""ח",דירת גג,2,41,12,12,1966,משופץ,כן,TRUE,yes,0,2022-01-19,1523000,37146,רשות המסים
D100374,ראשון לציון,נחלת יהודה,החשמונאים,דירה,4,106,1,8,1970,שמור,yes,0,no,לא,2022-01-18,3496000,32981,מתווך
D100320,באר שבע,העיר העתיקה,בן גוריון,דופלקס,4,180,0,4,1994,משופץ,no,FALSE,1,TRUE,2025-09-18,2884000,16022,מתווך
D100124,מודיעין מכבים רעות,כרמים,מבצע קדש,דירה,5.5,146,1,4,1956,משופץ,לא,לא,TRUE,0,2025-10-05,5429440,39226,מתווך
D100207,נתניה,רמת פולג,"הפלמ""ח",דירת גג,2,64,20,20,,דורש שיפוץ,כן,לא,FALSE,לא,2023-04-23,2504000,39125,רשות המסים
D100226,מודיעין מכבים רעות,מוריה,ז'בוטינסקי,דירה,3,75,7,12,1991,שמור,yes,כן,1,לא,2024-11-22,3254000,43387,רשות המסים
D100328,בת ים,רמת הנשיא ,  מבצע קדש ,דירת גן,6,246,4,12,,חדש מקבלן,TRUE,כן,no,כן,Dec 2024,13549000,40950,בעל נכס
D100462,אשדוד,"רובע י""א",סוקולוב,דופלקס,1 חדרים,30,3,4,1996,דורש שיפוץ,0,1,FALSE,כן,2024-07-25,827000,27567,רשות המסים
D100438,בת ים,רמת הנשיא ,"הפלמ""ח",דירה,3,65,1,3,2000,דורש שיפוץ,FALSE,1,0,yes,2024-11-19,2065000,31769,מתווך
D100086,תל אביב,פלורנטין,החשמונאים,דירה,4,104,3,3,1955,שמור,FALSE,TRUE,1,לא,Jul 2024,5441000,52317,רשות המסים
D100468,ירושלים,תלפיות ,ויצמן,פנטהאוז,5.5,173,6,6,2012,,TRUE,FALSE,TRUE,לא,2023-02-11,"₪12,144,000",70197,מתווך
D100423,הרצליה,גליל ים,השרון,דופלקס,2.5,78,4,4,2021,דורש שיפוץ,1,yes,כן,כן,2025-07-21,"5,242,000",67205,רשות המסים
D100488,אשדוד,"רובע י""א",ביאליק,פנטהאוז,3,113,15,15,2021,חדש מקבלן,1,כן,לא,כן,2024-11-10,"5,378,000",47593,מתווך
D100292,רעננה,מרכז העיר,השרון,דירה,3,74,8,15,1970,דורש שיפוץ,TRUE,לא,כן,no,2024-12-03,3015000,40743,מתווך
D100493,כפר סבא,אלי כהן,המלך דוד,דירה,3,79,1,9,1970,דורש שיפוץ,כן,לא,כן,לא,25.08.2023,2185000,27658,בעל נכס
D100230,באר שבע,נווה זאב,יהודה הלוי,דירה,1,23,9,12,2017,שמור,yes,לא,1,כן,2022-05-08,492000,21391,רשות המסים
D100317,רחובות,מרכז ,דרך השלום,דירה,4.5,132,4,4,1978,דורש שיפוץ,לא,כן,כן,לא,2025-07-28,18000,0,בעל נכס
D100068,נתניה,עיר ימים ,שדרות ירושלים,בית פרטי,3,71,0,2,1982,במצב טוב,0,לא,1,no,2021-08-20,2674000,37662,רשות המסים
D100120,ראשון לציון,נחלת יהודה,הרצל,בית פרטי,4.5,190,0,2,1993,משופץ,לא,לא,כן,כן,2025-01-13,10151000,53426,מתווך
D100067,אשדוד,"רובע ט""ו ",הרצל,דירה,2,66,3,9,1980,במצב טוב,כן,FALSE,1,FALSE,Apr 2023,"1,781,000",26985,רשות המסים
D100298,רחובות,רחובות ההולנדית,התאנה,דירה,3.5,82,6,8,2023,חדש מקבלן,1,כן,כן,כן,2026-06-08,3611000,44037,רשות המסים
D100221,רמת גן,מרום נווה,התאנה,דירת גן,3.5,121,10,15,1984,משופץ,yes,,FALSE,לא,11.06.2024,"7,093,000",58620,מתווך
D100394,רמת גן,שכונת הלל ,השרון,דירה,5,128,6,15,1999,דורש שיפוץ,TRUE,לא,כן,כן,2022-01-06,4244000,33156,בעל נכס
D100257,פתח תקווה,נווה גן ,יהודה הלוי,בית פרטי,4,164,0,2,1977,חדש מקבלן,לא,FALSE,לא,לא,2026-02-12,7815000,47652,רשות המסים
D100225,גבעתיים,ארלוזורוב,סוקולוב,בית פרטי,4,132,0,2,1989,שמור,לא,0,לא,0,2026-04-23,7783000,58962,בעל נכס
D100364,רמת גן,מרכז ,שדרות ירושלים,דופלקס,3,111,3,12,1965,משופץ,TRUE,כן,כן,FALSE,Feb 2022,6034000,54360,רשות המסים
D100108,מודיעין,כרמים,ויצמן,דירה,3.5,104,0,4,1960,חדש מקבלן,FALSE,0,כן,לא,2025-12-09,4108000,39500,רשות המסים
D100268,רעננה,כפר בתיה,ביאליק,דירת גג,3,72,4,4,1992,שמור,0,TRUE,לא,0,2025-02-02,4636000,64389,רשות המסים
D100253,ראשון לציון,קריית ראשון,החשמונאים,דירת גג,3,70,4,4,2014,דורש שיפוץ,TRUE,כן,כן,כן,25/11/2024,2537000,36243,רשות המסים
D100306,חולון,נאות רחל,בורוכוב,דירה,2,55,,4,1982,חדש מקבלן,FALSE,FALSE,כן,לא,2022-11-18,1725000,31364,מתווך
D100264,רעננה,לב הפארק,הרב קוק,דירה,4,118,0,12,1974,דורש שיפוץ,כן,no,1,FALSE,2025-08-25,5763000,48839,רשות המסים
D100210,גבעתיים,"גבעת רמב""ם",בן גוריון,דירה,4.5,120,,6,1988,,1,לא,1,0,2025-10-25,6881000,57342,רשות המסים
D100012,תל אביב יפו,נחלת יצחק,בן גוריון,דירה,5.5,117,4,4,1978,שמור,no,,כן,לא,2025-05-22,7015000,59957,רשות המסים
D100163,תל אביב-יפו,נווה צדק,סוקולוב,דופלקס,2,65,6,9,2021,דורש שיפוץ,כן,1,0,1,2025-08-20,4970000,76462,בעל נכס
D100428,מודיעין-מכבים-רעות,כרמים,אבן גבירול,פנטהאוז,5.5,188,15,15,1980,,TRUE,כן,לא,לא,2023-08-07,9860000,52447,בעל נכס
D100435,באר שבע,נווה זאב,הרצל,דירת גן,4,137,4,4,1964,במצב טוב,לא,no,כן,FALSE,2025-01-10,2820000,20584,רשות המסים
D100367,אשדוד,רובע ג',אחד העם,דירה  ,2,51,5,15,1982,חדש מקבלן,כן,1,כן,no,2025-11-19,1556000,30510,מתווך
D100063,נתניה,נאות שקד,"הפלמ""ח",דירת גן,5,206,8,8,1957,במצב טוב,כן,לא,כן,FALSE,Sep 2021,5742000,27874,מתווך
D100107,ראשון לציון,נחלת יהודה,הרצל,דירה,4,101,2,4,1963,במצב טוב,no,לא,yes,לא,2023-09-07,3109000,30782,רשות המסים
D100121,רעננה,מרכז העיר,ביאליק,בית פרטי,4,146,0,2,2013,במצב טוב,כן,כן,TRUE,0,2024-02-11,9149000,62664,מתווך
D100247,ראשון לציון,נאות שקמה,דרך השלום,דופלקס,3,143,8,15,1984,משופץ,yes,לא,כן,FALSE,2025-10-09,4662000,32601,רשות המסים
D100277,גבעתיים,שינקין,בן גוריון,דירה,2.5,69,1,5,2003,חדש מקבלן,כן,לא,FALSE,כן,2023-07-12,"5,363,000",77725,מתווך
D100074,חולון,ג'סי כהן,לוי אשכול,דירה,4,98,1,3,1975,שמור,0,לא,לא,לא,2023-01-25,3783000,38602,בעל נכס
D100050,מודיעין,מוריה,התאנה,דירה,3,64,4,20,2017,במצב טוב,כן,לא,TRUE,לא,2026-03-12,3048000,47625,רשות המסים
D100368,באר שבע,נאות לון,ז'בוטינסקי,דירת גג,6 חדרים,152,12,12,1975,דורש שיפוץ,כן,no,כן,0,14.09.2023,2144000,14105,רשות המסים
D100103,רעננה,מרכז ,רוטשילד,דירה,3.5,71,3,5,2008,חדש מקבלן,TRUE,כן,כן,TRUE,2023-05-24,5034000,70901,רשות המסים
D100304,תל אביב,שפירא,החשמונאים,דופלקס,3,97,17,20,1964,דורש שיפוץ,כן,0,כן,לא,28.03.2025,7102000,73216,רשות המסים
D100448,בת ים,פארק הים,סוקולוב,פנטהאוז,3,99,12,12,1975,חדש מקבלן,yes,0,כן,לא,2024-09-01,6482000,65475,רשות המסים
D100009,אשדוד,רובע ז',השרון,דירה,6,179,3,4,1985,דורש שיפוץ,no,yes,1,no,18/11/2021,2920000,16313,רשות המסים
D100090,נתניה,רמת פולג,הזית,דופלקס,3.5,104,8,8,1989,דורש שיפוץ,TRUE,לא,כן,לא,2022-02-06,4262000,40981,מתווך
D100145,רעננה,שכונת הפארק,הזית,דירה,4.5,119,8,9,1959,חדש מקבלן,כן,לא,כן,no,11/11/2024,5777000,48546,רשות המסים
D100167,פתח תקווה,אם המושבות,שדרות ירושלים,דירה,4.5,94,9,12,1991,במצב טוב,1,לא,TRUE,לא,12/10/2025,3161000,33628,רשות המסים
D100379,חיפה,הדר הכרמל,אלנבי,דירה,3.5,95,2,4,1969,שמור,לא,כן,yes,לא,16/06/2024,1950000,20526,בעל נכס
D100507,רחובות,קריית משה,יהודה הלוי,דירה,4 חדרים,104,0,8,1992,במצב טוב,כן,TRUE,FALSE,FALSE,2026-01-21,4101000,39433,רשות המסים
D100004,בת ים,מרכז ,השרון,בית פרטי,2.5,86,0,2,2013,חדש מקבלן,1,כן,TRUE,TRUE,2025-07-21,5051000,58733,מתווך
D100204,כפר סבא,יוספטל,סוקולוב,דירה,4.5,129,3,3,2015,משופץ,yes,כן,TRUE,TRUE,12/02/2023,6101000,47295,בעל נכס
D100113,גבעתיים,"גבעת רמב""ם",הרב קוק,דירה,3,80,2,5,1986,דורש שיפוץ,כן,לא,כן,לא,2025-05-27,3881000,48512,רשות המסים
D100077,ירושלים,הר נוף,אלנבי,פנטהאוז,3.5,126,5,5,2006,במצב טוב,כן,1,FALSE,כן,2022-12-20,10250000,81349,בעל נכס
D100049,בת ים,פארק הים,ביאליק,דופלקס,3,103,14,20,1961,חדש מקבלן,כן,לא,כן,0,2024-12-21,"5,076,000",49282,בעל נכס
D100030,"ב""ש",העיר העתיקה,דרך השלום,דירה,6,170,,3,1995,דורש שיפוץ,לא,FALSE,כן,לא,2025-01-03,1835000,10794,רשות המסים
D100457,כפר סבא,כפר סבא הירוקה,הרב קוק,דירה,4,97,,3,1991,שמור,0,0,כן,לא,2022-10-25,4440000,45773,רשות המסים
D100409,הרצליה,גליל ים,רוטשילד,פנטהאוז,4,99,15,15,1986,דורש שיפוץ,כן,לא,0,לא,2026-01-22,6859000,69283,מתווך
D100092,כפר סבא,הדרים,הרב קוק,דירת גן,4.5,192,6,8,2011,במצב טוב,כן,yes,לא,TRUE,2023-07-11,10820000,56354,רשות המסים
D100496,באר-שבע,רמות,מבצע קדש,דירת גן,5,151,3,3,1994,דורש שיפוץ,לא,yes,yes,yes,2024-07-13,2249000,14894,בעל נכס
D100281,אשדוד,"רובע ט""ו ",אלנבי,דופלקס,2,70,1,12,2002,דורש שיפוץ,כן,,לא,TRUE,27/07/2022,2068000,29543,רשות המסים
D100133,גבעתיים,רמת יוסף,מבצע קדש,דירה,1,30,4,4,1992,דורש שיפוץ,לא,לא,כן,0,2023-03-11,960000,32000,רשות המסים
D100205,רמת גן,מרכז,אלנבי,דירה,3,80,,6,,דורש שיפוץ,כן,כן,כן,0,2023-01-22,3607000,45088,רשות המסים
D100343,פתח תקווה,כפר גנים,דרך השלום,דירה,3.5,84,,9,1974,משופץ,yes,לא,no,no,2025-06-14,3515000,41845,רשות המסים
D100056,מודיעין-מכבים-רעות,בוכמן,הנביאים,דירה,2,,2,8,2024,דורש שיפוץ,כן,כן,1,yes,2022-02-12,2908000,,מתווך
D100054,הרצליה,גליל ים,דרך השלום,דופלקס,2.5,88,3,4,2001,דורש שיפוץ,כן,לא,yes,1,May 2026,5694000,64705,מתווך
D100461,מודיעין מכבים רעות,נופים ,אחד העם,דירה,4,85,2,9,2015,שמור,כן,לא,כן,כן,20/05/2022,2425000,28529,רשות המסים
D100417,באר-שבע,נאות לון,המלך דוד,דירה,4,109,7,9,1994,משופץ,כן,כן,TRUE,yes,10/08/2024,"₪1,884,000",19528,רשות המסים
D100482,רמת גן,תל בנימין ,שדרות ירושלים,בית פרטי,5,160,0,2,2000,במצב טוב,לא,כן,FALSE,כן,2026-07-01,12787000,79919,בעל נכס
D100020,בית שמש,נופי אביב ,ביאליק,דופלקס,3.5,122,12,20,,במצב טוב,כן,FALSE,FALSE,כן,2024-04-27,3769000,30893,מתווך
D100274,חולון,נאות יהודית,ביאליק,פנטהאוז,4.5,188,6,6,1985,דורש שיפוץ,כן,0,כן,לא,2026-07-22,"9,228,000",49085,רשות המסים
D100481,מודיעין,נופים ,הזית,דירה,4,95,6,8,2020,דורש שיפוץ,כן,לא,1,כן,2021-02-19,2262000,23811,רשות המסים
D100200,בת ים,פארק הים ,דרך השלום,דירה,2.5,72,3,4,2019,משופץ,כן,1,כן,yes,2024-12-07,3964000,55056,רשות המסים
D100177,חיפה,רמות רמז,הנביאים,דופלקס,4.5,136,11,12,1986,משופץ,TRUE,no,לא,לא,2021-12-08,3208000,23588,רשות המסים
D100256,מודיעין-מכבים-רעות,בוכמן ,אבן גבירול,דירה,4.5,114,3,9,1976,שמור,כן,no,כן,לא,2024-02-08,5173000,45377,מתווך
D100330,ירושלים,פסגת זאב ,רוטשילד,דירה,3.5,93,3,4,1975,חדש מקבלן,no,no,FALSE,לא,2022-12-07,5558000,59763,רשות המסים
D100128,חיפה,קריית אליעזר,ביאליק,דירה,3.5,87,9,12,2012,חדש מקבלן,yes,כן,no,כן,2026-06-01,3077000,35368,מתווך
D100285,כפר סבא,הדרים,השרון,דירת גג,3,71,5,5,1992,דורש שיפוץ,כן,TRUE,כן,0,2024-01-04,4097000,57704,רשות המסים
D100484,חולון,תל גיבורים,ביאליק,דירה,3,69,4,9,1980,שמור,TRUE,לא,כן,0,2024-07-20,"₪2,217,000",32130,רשות המסים
D100088,ראשון לציון,קריית ראשון,המלך דוד,פנטהאוז,1,28,9,9,2008,דורש שיפוץ,yes,לא,כן,כן,2024-01-06,1046000,37357,רשות המסים
D100399,אשדוד,מרינה,אלנבי,דירה,2.5,58,3,12,1951,שמור,כן,לא,1,0,2025-02-19,1356000,23379,בעל נכס
D100347,ראשון לציון,קריית ראשון ,הזית,דירה,5,109,0,15,2021,משופץ,1,1,לא,כן,2026-03-15,4463000,40945,בעל נכס
D100283,חולון,קריית שרת ,שדרות ירושלים,דירה,2.5,69,7,9,2017,במצב טוב,TRUE,no,TRUE,כן,16.12.2022,2589000,40981,רשות המסים
D100194,פתח תקווה,נווה עוז,המלך דוד,דירה,2,68,15,20,1984,דורש שיפוץ,כן,TRUE,FALSE,לא,25.04.2025,1735000,25515,רשות המסים
D100467,תל אביב-יפו,יד אליהו,אחד העם,דופלקס,1,30,4,5,2004,במצב טוב,כן,לא,כן,1,2024-01-20,"2,267,000",75567,רשות המסים
D100208,בת ים,פארק הים ,ביאליק,דירה,3,71,2,8,2002,שמור,1,כן,1,כן,Feb 2024,"3,436,000",48394,מתווך
D100270,ראשון לציון,נווה ים ,אחד העם,דירה,3,76,6,6,1953,,1,1,כן,no,2026-07-26,1949000,25645,מתווך
D100444,גבעתיים,"גבעת רמב""ם",אבן גבירול,דירת גן,3,120,3,3,1993,שמור,לא,לא,לא,כן,2021-12-19,5406000,35385,מתווך
D100296,רמת גן,מרכז העיר,לוי אשכול,דירה,5,113,6,8,1989,שמור,1,לא,כן,FALSE,2021-12-03,4644000,41097,רשות המסים
D100392,חולון,נאות רחל,המלך דוד,דופלקס,4,146,0,3,1993,חדש מקבלן,לא,0,yes,TRUE,2025-07-05,5487000,37582,רשות המסים
D100187,חיפה,אחוזה ,החשמונאים,דירה,3.5,80,6,20,1989,במצב טוב,כן,כן,כן,לא,2024-12-05,1925000,24062,רשות המסים
D100114,ירושלים ,פסגת זאב ,מבצע קדש,דירה,4,100,0,3,2011,דורש שיפוץ,TRUE,FALSE,כן,TRUE,2025-06-22,4864000,48640,רשות המסים
D100181,רמת גן,מרום נווה,סוקולוב,דירה,3,59,0,5,2002,משופץ,yes,TRUE,כן,TRUE,27/01/2025,4109000,69644,רשות המסים
D100358,באר שבע,נאות לון ,דרך השלום,דירת גג,3,79,6,6,,משופץ,כן,no,yes,FALSE,19/05/2024,1449000,18342,רשות המסים
D100026,ראשון לציון,רמת אליהו,עמק דותן,דירה,4.5,135,1,5,2008,משופץ,1,כן,כן,כן,Apr 2022,4249000,31474,בעל נכס
D100213,פתח תקווה,נווה עוז,הזית,פנטהאוז,2,59,20,20,2023,במצב טוב,yes,0,1,כן,2024-07-18,2112000,35797,רשות המסים
D100055,חולון,נאות יהודית ,בן גוריון,דירה,5,109,5,12,1967,דורש שיפוץ,כן,,כן,לא,2024-07-06,3583000,32872,מתווך
D100115,נתניה,קריית נורדאו ,עמק דותן,בית פרטי,5,139,0,2,1963,במצב טוב,לא,FALSE,1,FALSE,2026-03-09,5743000,41317,בעל נכס
D100431,רמת גן,רמת חן,אלנבי,דופלקס,4,134,4,4,1956,שמור,לא,לא,TRUE,no,2024-07-25,4854000,41291,מתווך
D100459,רחובות,רחובות ההולנדית ,המלך דוד,בית פרטי,3,99,0,2,2009,דורש שיפוץ,כן,yes,לא,כן,07.10.2021,"3,194,000",32263,רשות המסים
D100149,פתח תקווה,כפר גנים,שדרות ירושלים,דירה,3.5,87,11,15,1966,במצב טוב,1,0,כן,no,2025-06-13,2963000,34057,רשות המסים
D100252,בית שמש,"רמב""ש ג'",אחד העם,דופלקס,5,207,3,20,1998,חדש מקבלן,TRUE,yes,1,כן,2023-01-10,8353000,40353,מתווך
D100079,נתניה,מרכז ,מבצע קדש,דירה,4,108,1,8,1955,חדש מקבלן,1,FALSE,0,FALSE,13/07/2024,4366000,40426,רשות המסים
D100312,גבעתיים,"גבעת רמב""ם",יהודה הלוי,  דירה ,4.5,99,5,8,2013,חדש מקבלן,yes,כן,כן,TRUE,2026-01-26,7185000,72576,רשות המסים
D100001,רמת גן,מרכז,הרב קוק,פנטהאוז,4.5,265,4,4,1971,משופץ,0,,כן,לא,2025-04-08,38500000,145283,רשות המסים
D100469,רמת גן,,הרצל,דירת גג,2.5,63,12,12,1981,שמור,כן,FALSE,FALSE,FALSE,May 2026,3794000,60222,רשות המסים
D100353,תל אביב-יפו,הצפון הישן,"הפלמ""ח",דירת גן,3,131,3,4,2011,שמור,כן,כן,TRUE,1,2024-03-12,11055000,84389,רשות המסים
D100180,רעננה,מרכז ,רוטשילד,דירת גן,4,146,0,4,1981,דורש שיפוץ,0,כן,לא,FALSE,2024-08-10,"6,108,000",41836,רשות המסים
D100483,בית שמש,רמת בית שמש ג',ז'בוטינסקי,דירה,4,96,3,4,1978,משופץ,לא,0,כן,0,04/05/2023,2897000,30177,בעל נכס
D100043,רחובות,שעריים,"הפלמ""ח",  דירה ,3.5,84,,15,2017,דורש שיפוץ,כן,כן,כן,כן,2025-09-19,3050000,36310,בעל נכס
D100384,רחובות,נווה יהודה,מבצע קדש,דירה,5.5,120,2,3,,  דורש שיפוץ ,no,לא,TRUE,לא,2024-11-02,3833000,31942,רשות המסים
D100118,ירושלים ,בקעה,ביאליק,דירה,3.5,100,2,4,1994,שמור,no,0,כן,TRUE,2026-07-12,4212000,42120,רשות המסים
D100365,הרצליה,נווה עמל,שדרות ירושלים,דופלקס,3,86,1,9,1984,חדש מקבלן,כן,לא,כן,לא,22.07.2026,5350000,62209,מתווך
D100197,רעננה,כפר בתיה,סוקולוב,דירה,5,133,1,4,1975,שמור,לא,0,לא,לא,2024-01-25,6865000,51617,מתווך
D100295,אשדוד,"רובע ט""ו",התאנה,דירה,2.5,48,6,9,2013,דורש שיפוץ,yes,לא,TRUE,1,2023-11-14,1354000,28208,רשות המסים
D100443,Tel Aviv-Yafo,לב תל אביב,אבן גבירול,דופלקס,4 חדרים,130,0,9,1998,שמור,כן,כן,לא,TRUE,2023-10-17,"12,985,000",99885,מתווך
D100385,נתניה,נאות שקד,הרצל,דירה,2,56,11,12,1995,חדש מקבלן,כן,כן,כן,כן,2023-10-10,2422000,43250,רשות המסים
D100381,בת ים,פארק הים,סוקולוב,דירת גן,4,130,5,5,1972,דורש שיפוץ,1,0,1,לא,25/05/2022,"₪4,711,000",36238,רשות המסים
D100437,הרצליה,נוף ים,המלך דוד,דירה,6,152,1,6,2007,משופץ,yes,yes,כן,TRUE,2023-09-19,8006000,52671,בעל נכס
D100070,חולון,נאות יהודית,הזית,דירה,6,162,3,3,,במצב טוב,כן,כן,1,yes,2025-06-11,7140000,44074,רשות המסים
D100297,חולון,ג'סי כהן,"הפלמ""ח",דירה,2,59,3,3,,דורש שיפוץ,כן,FALSE,כן,כן,2026-05-19,2532000,42915,רשות המסים
D100513,"ב""ש",רמות,אחד העם,דופלקס,6,181,1,4,,משופץ,0,לא,כן,לא,2026-07-11,3148000,17405,מתווך
D100024,רעננה,שכונת הפארק,אלנבי,דירת גג,4.5,120,20,20,2014,דורש שיפוץ,TRUE,כן,כן,כן,2026-03-20,"7,364,000",61367,בעל נכס
D100042,כפר סבא,יוספטל,הנביאים,דירה,4.5,114,1,4,,משופץ,לא,כן,yes,TRUE,2022-04-11,4595000,40307,רשות המסים
D100442,גבעתיים,"גבעת רמב""ם ",בן גוריון,דירה,3,66,3,4,1999,משופץ,לא,yes,yes,לא,2022-04-02,3378000,51182,מתווך
D100346,מודיעין מכבים רעות,כרמים,אבן גבירול,דירה,4,82,3,20,1996,שמור,yes,לא,כן,כן,2023-11-09,3079000,37549,בעל נכס
D100489,רמת גן,תל בנימין,התאנה,דופלקס,5,186,0,4,1981,שמור,no,כן,כן,FALSE,19/07/2021,8865000,47661,בעל נכס
D100227,רחובות,נווה יהודה,השרון,בית פרטי,4,133,0,2,1980,משופץ,לא,לא,1,FALSE,2022-04-24,6243000,46940,רשות המסים
D100339,נתניה,קריית נורדאו,הזית,דירת גג,4,87,4,4,2015,דורש שיפוץ,כן,1,לא,כן,2026-06-27,3692000,42437,רשות המסים
D100362,בית שמש,רמת בית שמש א',לוי אשכול,דירה,5.5,121,5,8,2021,דורש שיפוץ,TRUE,כן,כן,כן,2024-08-11,3056000,27912,בעל נכס
D100403,הרצליה,הרצליה פיתוח,הרב קוק,דירת גן,2,66,,6,1969,במצב טוב,yes,כן,כן,0,2021-08-06,2415000,36591,רשות המסים
D100196,בית שמש,"רמב""ש ג'",החשמונאים,דירה,3,83,3,5,2000,,כן,1,yes,TRUE,15/06/2023,2739000,33000,בעל נכס
D100082,רעננה,שכונת הפארק,ויצמן,דירה,5,145,8,9,1974,דורש שיפוץ,כן,TRUE,yes,0,2024-04-10,6573000,45331,רשות המסים
D100314,פתח תקווה,הדר גנים ,מבצע קדש,דירה,4,112,3,9,1972,משופץ,כן,כן,כן,לא,2024-01-08,3814000,34054,רשות המסים
D100510,בת ים,מרכז ,ז'בוטינסקי,בית פרטי,4,129,0,2,1986,במצב טוב,no,כן,כן,לא,23/04/2024,"5,747,000",41929,רשות המסים
D100454,חיפה,קריית אליעזר,הרב קוק,בית פרטי,3.5,92,0,2,1981,משופץ,no,FALSE,לא,לא,2026-06-21,3009000,32707,מתווך
D100369,רחובות,נווה יהודה,החשמונאים,בית פרטי,4 חדרים,176,0,2,1987,דורש שיפוץ,לא,0,כן,לא,21.01.2026,8159000,46358,רשות המסים
D100291,אשדוד,"רובע ט""ו ",ז'בוטינסקי,דירת גן,4,157,6,6,1957,במצב טוב,כן,0,0,FALSE,2022-01-25,4005000,25510,רשות המסים
D100091,ירושלים,בקעה ,בורוכוב,דירת גן,3.5,93,9,12,1969,במצב טוב,TRUE,yes,1,לא,2022-05-14,"3,996,000",42968,בעל נכס
D100319,פתח תקווה,אם המושבות ,עמק דותן,דירה,4,103,10,12,1997,חדש מקבלן,1,כן,1,כן,21.06.2024,4108000,39883,רשות המסים
D100234,בית-שמש,נופי אביב,אלנבי,דירת גן,3,112,1,3,2004,משופץ,כן,כן,כן,כן,2024-10-05,4181000,37330,מתווך
D100271,חולון,נאות רחל,ז'בוטינסקי,דירה,5,130,1,3,2016,דורש שיפוץ,כן,לא,yes,yes,2022-01-07,3421000,26315,מתווך
D100147,בית שמש,מרכז,רוטשילד,דירת גן,3.5,151,3,15,2003,שמור,כן,1,כן,yes,2022-12-07,4900000,32450,רשות המסים
D100155,כפר סבא,מרכז ,רוטשילד,בית פרטי,4,138,0,2,1954,משופץ,FALSE,לא,כן,0,18.09.2024,7219000,52312,רשות המסים
D100159,פתח תקווה,מרכז,"הפלמ""ח",דירה,4,97,7,8,1988,במצב טוב,כן,כן,TRUE,0,2025-10-27,4077000,42031,בעל נכס
D100057,רמת גן,תל בנימין,לוי אשכול,דירה,3.5,97,3,4,1990,דורש שיפוץ,FALSE,כן,yes,no,2022-02-02,3962000,40845,רשות המסים
D100490,ראשון לציון,נחלת יהודה ,אלנבי,  דירה ,4,81,0,15,1950,חדש מקבלן,1,לא,כן,לא,18.01.2026,3922000,48420,רשות המסים
D100498,הרצליה,נוף ים,אלנבי,דירה,4.5,90,2,4,1975,משופץ,no,לא,כן,no,25/04/2025,4359000,48433,רשות המסים
D100111,בת ים,רמת יוסף,המלך דוד,דירת גן,2.5,83,1,3,1972,שמור,לא,no,TRUE,לא,2025-07-28,2330000,28072,רשות המסים
D100073,רחובות,רחובות ההולנדית,אבן גבירול,דירת גג,4,93,20,20,2006,חדש מקבלן,כן,TRUE,yes,TRUE,2022-09-09,4579000,49237,רשות המסים
D100336,פתח תקווה,,החשמונאים,דירה,4,116,1,12,1981,חדש מקבלן,yes,yes,1,0,2026-07-04,5181000,44664,מתווך
D100185,פתח תקווה,אם המושבות,השרון,דופלקס,4,111,2,12,1993,חדש מקבלן,TRUE,כן,לא,yes,2023-05-03,5023000,45252,בעל נכס
D100160,מודיעין,הפרחים,השרון,פנטהאוז,5,310,9,9,1991,דורש שיפוץ,כן,כן,FALSE,לא,05.11.2021,29900000,96451,רשות המסים
D100087,חולון,נאות רחל,סוקולוב,דירה,2,52,0,3,1972,חדש מקבלן,no,0,TRUE,לא,2025-11-25,1903000,36596,רשות המסים
D100029,גבעתיים,"גבעת רמב""ם ",הנביאים,דירה,3.5,94,6,6,2012,דורש שיפוץ,1,1,FALSE,FALSE,2026-07-26,4525000,48138,רשות המסים
D100003,פתח תקווה,כפר גנים,ויצמן,פנטהאוז,3,112,4,4,1997,משופץ,לא,TRUE,לא,כן,2023-08-21,6738000,60161,בעל נכס
D100366,רחובות,נווה יהודה,דרך השלום,דופלקס,3,92,6,20,1988,שמור,כן,לא,no,FALSE,2025-03-23,3881000,42185,רשות המסים
D100146,בית-שמש,רמת בית שמש א,סוקולוב,דירת גג,5,138,5,5,1971,,1,FALSE,כן,no,04/08/2023,3428000,24841,רשות המסים
D100170,רחובות,,שדרות ירושלים,דופלקס,2,53,3,4,2001,חדש מקבלן,כן,לא,כן,yes,2023-10-02,2720000,51321,מתווך
D100335,כפר סבא,אלי כהן,בורוכוב,דירת גג,4,94,,9,1989,דורש שיפוץ,כן,לא,כן,לא,2024-11-27,2618000,27851,מתווך
D100053,ירושלים,ארנונה,בן גוריון,דירת גג,3.5,104,15,15,1986,דורש שיפוץ,כן,כן,1,0,10/02/2025,4305000,41394,בעל נכס
D100512,נתניה,,יהודה הלוי,דירת גן  ,4.5,160,7,8,2018,שמור,TRUE,TRUE,TRUE,כן,2025-11-03,7004000,43775,מתווך
D100377,תל אביב,רמת אביב,בורוכוב,פנטהאוז,5,181,15,15,,דורש שיפוץ,כן,,לא,TRUE,2022-10-26,"₪16,197,000",89486,רשות המסים
D100453,פתח תקווה,מרכז העיר,מבצע קדש,דירה,4,100,6,12,1998,במצב טוב,כן,כן,FALSE,yes,01/02/2025,4220000,42200,רשות המסים
D100519,בית שמש,נופי אביב,רוטשילד,דופלקס,4 חדרים,144,0,8,2008,משופץ,כן,0,כן,yes,2023-06-27,4780000,33194,רשות המסים
D100282,מודיעין מכבים רעות,כרמים,רוטשילד,בית פרטי,2,75,0,2,1993,שמור,לא,1,TRUE,כן,15.04.2022,3415000,45533,רשות המסים
D100516,פתח תקווה,אם המושבות,החשמונאים,פנטהאוז,4,134,4,4,2024,משופץ,כן,FALSE,כן,כן,2024-08-01,6960000,51940,רשות המסים
D100458,פתח תקווה,אם המושבות,בורוכוב,דירה,6,137,5,5,1952,במצב טוב,yes,כן,כן,FALSE,2025-08-06,4140000,30219,רשות המסים
D100327,בית שמש,רמת בית שמש ג',"הפלמ""ח",פנטהאוז,4.5,179,20,20,2018,משופץ,כן,כן,no,yes,11/04/2026,8995000,50251,רשות המסים
D100141,אשדוד,"רובע ט""ו",החשמונאים,דירה,6 חדרים,156,6,9,,במצב טוב,כן,לא,FALSE,כן,2026-04-11,5084000,32590,בעל נכס
D100359,הרצליה,גליל ים,ביאליק,דירה,2.5,67,0,8,1957,שמור,כן,כן,1,0,2025-04-09,3968000,59224,מתווך
D100446,חיפה,אחוזה,שדרות ירושלים,דירת גן,3.5,107,3,4,2014,חדש מקבלן,TRUE,כן,yes,yes,11/01/2026,"4,407,000",41187,רשות המסים
D100517,נתניה,אגמים,יהודה הלוי,דירת גן,5.5,210,5,5,1989,במצב טוב,TRUE,yes,לא,לא,2024-03-26,7302000,34771,רשות המסים
D100504,גבעתיים,,רוטשילד,דירה,3,82,1,4,,משופץ  ,כן,TRUE,לא,1,11.01.2021,3952000,48195,מתווך
D100011,ראשון לציון,רמת אליהו,אחד העם,  דירת גן ,3.5,117,0,4,1964,שמור,לא,TRUE,1,no,2025-06-08,3781000,32316,בעל נכס
D100014,פתח תקווה,אם המושבות,הרצל,דופלקס,2,83,2,5,1955,דורש שיפוץ,yes,לא,TRUE,לא,2026-07-06,"2,366,000",28506,רשות המסים
D100494,בית שמש,רמת בית שמש ג',עמק דותן,דירת גג,2,58,8,8,2018,משופץ,כן,כן,yes,כן,2025-12-02,2286000,39414,בעל נכס
D100195,מודיעין-מכבים-רעות,כרמים ,התאנה,דירת גג,3.5,106,5,5,2022,חדש מקבלן,TRUE,כן,yes,1,2023-12-02,6537000,61670,בעל נכס
D100093,חולון,קריית שרת,אלנבי,דופלקס,4.5,147,8,9,2010,חדש מקבלן,yes,1,לא,1,Mar 2023,7430000,50544,מתווך
D100032,רמת גן,מרכז העיר,ביאליק,דירה,4,88,1,9,2004,  שמור ,TRUE,,לא,TRUE,2026-05-26,"5,141,000",58420,בעל נכס
D100352,רמת גן,מרום נווה,  אבן גבירול ,דירה,3 חדרים,78,2,12,1980,במצב טוב,כן,לא,1,FALSE,2025-06-28,3857000,49449,רשות המסים
D100036,חולון,ג'סי כהן,הזית,דירת גג,3.5,89,4,4,1982,,לא,FALSE,כן,no,2023-03-08,3486000,39169,רשות המסים
D100397,פתח תקווה,כפר גנים,הנביאים,דופלקס,4.5,148,,4,,דורש שיפוץ,TRUE,TRUE,yes,כן,2026-02-24,6517000,44034,רשות המסים
D100375,באר-שבע,שכונה ו',"הפלמ""ח",דירה,3,90,1,9,2012,דורש שיפוץ,כן,0,TRUE,TRUE,2026-02-09,1309000,14544,רשות המסים
D100100,"ב""ש",נווה זאב,הנביאים,דירה,5,131,17,20,1999,חדש מקבלן,yes,,yes,לא,2025-04-27,2902000,22153,רשות המסים
D100112,באר שבע,נווה זאב,שדרות ירושלים,פנטהאוז,5.5,182,12,12,2012,דורש שיפוץ,כן,TRUE,כן,TRUE,2022-05-28,4448000,24440,רשות המסים
D100122,ירושלים ,רחביה ,אלנבי,  דירת גן ,5,157,1,5,1959,שמור,כן,FALSE,כן,לא,2023-07-03,7212000,45936,רשות המסים
D100028,פתח תקווה,הדר גנים,ויצמן,דופלקס,3,121,5,5,1978,  דורש שיפוץ ,כן,לא,yes,לא,10/08/2023,3379000,27926,מתווך
D100153,הרצליה,נוף ים,בורוכוב,דירת גן,4,125,5,8,1993,במצב טוב,TRUE,לא,כן,כן,2024-09-03,6256000,50048,רשות המסים
D100332,חולון,תל גיבורים,אבן גבירול,דירת גג,3,76,15,15,2008,חדש מקבלן,TRUE,לא,כן,כן,2022-06-03,3297000,43382,רשות המסים
D100219,אשדוד,"רובע י""א",רוטשילד,פנטהאוז,3,94,9,9,1978,במצב טוב,1,FALSE,לא,0,2025-12-22,3246000,34532,מתווך
D100027,חולון,קריית שרת,ביאליק,דירה,4,100,0,4,1958,חדש מקבלן,לא,0,TRUE,0,2025-08-04,3826000,38260,בעל נכס
D100445,בת ים,רמת הנשיא,בורוכוב,פנטהאוז,4.5,140,15,15,2016,במצב טוב,כן,כן,כן,1,Oct 2025,8141000,58150,רשות המסים
D100102,ראשון לציון,נווה ים,אלנבי,דירה,4,99,0,3,2011,דורש שיפוץ,כן,כן,yes,לא,2025-06-18,2597000,26232,רשות המסים
D100216,כפר סבא,יוספטל ,הזית,דירת גן,4.5,126,3,6,2002,חדש מקבלן,כן,1,yes,כן,2025-06-02,6543000,51929,בעל נכס
D100389,חולון,נאות יהודית,עמק דותן,בית פרטי,2,59,0,2,1981,במצב טוב,לא,לא,yes,לא,2023-05-01,2490000,42203,רשות המסים
D100142,רחובות,קריית משה,ז'בוטינסקי,דירה,1,29,4,6,2010,דורש שיפוץ,TRUE,כן,FALSE,כן,04/02/2025,1050000,36207,רשות המסים
D100233,רמת גן,קריית קריניצי ,לוי אשכול,דירה,4,103,4,15,2003,משופץ,כן,yes,yes,כן,2022-03-28,7391000,71757,בעל נכס
D100254,"ב""ש",נאות לון ,התאנה,דירה,5,114,2,4,1969,שמור,לא,כן,כן,לא,2023-02-21,1525000,13377,רשות המסים
D100032,רמת גן,מרכז העיר,ביאליק,דירה,4,88,1,9,2004,שמור,TRUE,,לא,TRUE,2026-05-26,5343137,58420,מתווך
D100303,מודיעין,כרמים,הרצל,דירת גן,5.5,134,2,5,1998,במצב טוב,כן,לא,לא,TRUE,26.02.2024,6064000,45254,בעל נכס
D100420,חולון,נאות יהודית,הזית,דופלקס,2.5,73,2,9,2009,דורש שיפוץ,כן,TRUE,TRUE,TRUE,2026-03-08,2841000,38918,רשות המסים
D100002,ראשון לציון,רמת אליהו,עמק דותן,דירה,3.5,83,6,6,2011,במצב טוב,כן,כן,yes,כן,04/06/2022,"2,643,000",31843,רשות המסים
D100355,חיפה,נווה שאנן,ביאליק,דופלקס,4,157,3,5,2005,במצב טוב,כן,כן,לא,כן,2023-07-16,3065000,19522,מתווך
D100193,ירושלים,פסגת זאב,סוקולוב,פנטהאוז,4,310,2,3,2018,דורש שיפוץ,כן,כן,TRUE,כן,01.03.2022,44000000,141935,מתווך
D100064,מודיעין מכבים רעות,נופים,אלנבי,דירה,6,158,11,15,2012,חדש מקבלן,כן,yes,כן,כן,03.10.2025,6241000,39500,בעל נכס
D100130,מודיעין מכבים רעות,בוכמן,מבצע קדש,דירת גן,3,95,4,8,1996,במצב טוב,כן,yes,TRUE,כן,2024-10-20,4987000,52495,מתווך
D100419,תל אביב,יד אליהו ,"הפלמ""ח",דירה,4,91,12,20,2001,שמור,כן,0,FALSE,כן,2021-09-20,5744000,63121,רשות המסים
D100131,חיפה,רמת אלמוגי,מבצע קדש,דירה,3,86,10,12,1986,שמור,1,לא,yes,לא,2025-10-23,2099000,24407,רשות המסים
D100196,בית שמש,"רמב""ש ג'",החשמונאים,דירה,3,83,3,5,2000,,כן,1,yes,TRUE,15/06/2023,2739000,33000,בעל נכס
D100351,רעננה,נווה זמר,ביאליק,דירה,2,41,1,9,1966,חדש מקבלן,כן,לא,כן,no,2025-11-20,1816000,44293,רשות המסים
D100276,בית שמש,רמת בית שמש א,שדרות ירושלים,דירה,5,138,5,6,2021,חדש מקבלן,כן,כן,TRUE,כן,2024-03-21,4840000,35072,רשות המסים
D100236,חולון,תל גיבורים,סוקולוב,בית פרטי,3,,0,2,,משופץ,כן,כן,1,TRUE,2025-10-24,4325000,,רשות המסים
D100422,בית שמש,רמת בית שמש ג',אלנבי,דופלקס,5,190,6,8,1956,חדש מקבלן,כן,כן,לא,לא,2026-07-18,6944000,36547,רשות המסים
D100248,ירושלים,גילה ,ז'בוטינסקי,דירה,4,103,3,12,1985,במצב טוב,TRUE,TRUE,לא,FALSE,2025-02-25,4341000,42146,רשות המסים
D100396,ראשון לציון,נאות שקמה,ז'בוטינסקי,בית פרטי,3.5,129,0,2,1980,חדש מקבלן,no,לא,TRUE,no,2023-07-03,4612000,35752,רשות המסים
D100126,הרצליה,מרכז העיר,הנביאים,דירה,2,48,0,8,2014,משופץ,yes,FALSE,1,no,2026-03-23,3073000,64021,מתווך
D100387,חולון,ג'סי כהן,יהודה הלוי,בית פרטי,2.5,84,0,2,1981,שמור,no,לא,לא,no,2026-07-22,"3,953,000",47060,מתווך
D100370,חולון,נאות יהודית,התאנה,דירה,1,,10,15,1975,דורש שיפוץ,TRUE,no,כן,FALSE,14.01.2025,725000,,בעל נכס
D100094,בת ים,פארק הים ,בן גוריון,דירה,4,105,7,20,2017,חדש מקבלן,כן,yes,כן,כן,2022-02-09,5872000,55924,מתווך
D100334,פתח תקווה,כפר גנים ,עמק דותן,דירה,5.5,139,4,8,2003,דורש שיפוץ,כן,1,כן,כן,2022-05-28,4619000,33230,רשות המסים
D100106,נתניה,רמת פולג ,עמק דותן,פנטהאוז,4,146,4,4,1972,דורש שיפוץ,FALSE,לא,no,0,2022-10-14,6198000,42452,רשות המסים
D100406,ראשון לציון,קריית ראשון ,מבצע קדש,דופלקס,5,218,4,4,,שמור,לא,לא,לא,לא,11/01/2022,5615000,25757,רשות המסים
D100150,באר-שבע,רמות ,יהודה הלוי,דופלקס,4,147,11,12,1960,במצב טוב,TRUE,no,TRUE,FALSE,2022-12-24,"₪2,476,000",16844,מתווך
D100061,באר שבע,העיר העתיקה ,החשמונאים,דופלקס,3.5,161,4,4,1971,במצב טוב,לא,FALSE,כן,0,2025-01-03,1822000,11317,רשות המסים
D100426,באר שבע,רמות,המלך דוד,דירת גג,4.5,113,5,5,2018,חדש מקבלן,yes,לא,כן,כן,2023-04-25,2683000,25829,רשות המסים
D100388,מודיעין,מוריה,הרב קוק,פנטהאוז,3.5,125,3,3,2003,חדש מקבלן,yes,לא,0,כן,2023-11-12,8176000,65408,רשות המסים
D100237,מודיעין,נופים ,מבצע קדש,דירת גג,5.5,155,4,4,1982,במצב טוב,FALSE,FALSE,לא,לא,20/06/2022,4108000,26503,מתווך
D100105,באר שבע,העיר העתיקה,דרך השלום,דירה,3,84,6,6,1996,משופץ,yes,1,כן,1,09.04.2025,1285000,15298,רשות המסים
D100393,חולון,ג'סי כהן,ביאליק,  בית פרטי ,4,103,0,2,1996,חדש מקבלן,0,לא,1,yes,2025-01-26,5963000,57893,בעל נכס
D100424,רמת גן,תל בנימין ,ביאליק,דופלקס,3,106,4,12,1967,שמור,1,לא,TRUE,לא,2026-05-16,6922000,65302,מתווך
D100421,הרצליה,גליל ים,החשמונאים,דירה,3,77,4,4,1973,חדש מקבלן,0,לא,yes,לא,2024-04-11,5224000,67844,רשות המסים
D100401,נתניה,,שדרות ירושלים,דירה,5,120,0,3,2006,משופץ,כן,1,1,TRUE,2026-05-24,6102000,50850,רשות המסים
D100313,גבעתיים,שינקין ,בן גוריון,דירה,5,129,1,12,2014,משופץ,כן,כן,0,1,2025-06-02,10401000,58234,בעל נכס
D100152,חולון,קריית שרת,אלנבי,פנטהאוז,5.5 חדרים,151,3,3,2002,שמור,כן,1,כן,כן,2023-12-21,8431000,55834,בעל נכס
D100072,כפר סבא,כפר סבא הירוקה,ויצמן,דירת גן,4.5,172,5,12,1999,שמור,כן,yes,לא,כן,08.05.2023,11256000,65442,רשות המסים
D100433,הרצליה,נוף ים,הרב קוק  ,בית פרטי,3.5,142,0,2,2009,חדש מקבלן,yes,yes,כן,כן,2025-12-16,10310000,72606,בעל נכס
D100218,פתח תקווה,נווה עוז,עמק דותן,דירה,4,90,4,5,,במצב טוב,כן,לא,לא,FALSE,2023-04-02,2452000,27244,רשות המסים
D100520,נתניה,רמת פולג,התאנה,דירה,3.5,92,2,9,1972,משופץ,yes,לא,FALSE,לא,2021-06-25,3087000,33554,רשות המסים
D100356,Jerusalem,בקעה,ויצמן,דירה,3 חדרים,75,3,9,1956,דורש שיפוץ,yes,לא,no,0,2021-06-12,"₪2,056,000",27413,בעל נכס
D100211,חולון,נאות רחל ,רוטשילד,דירה,4,110,,6,2003,דורש שיפוץ,כן,1,FALSE,כן,02/09/2023,3254000,29582,רשות המסים
D100266,בת ים,מרכז,יהודה הלוי,בית פרטי,3.5,119,0,2,2013,חדש מקבלן,כן,לא,כן,TRUE,2021-08-27,5677000,47706,רשות המסים
D100172,רעננה,נווה זמר,הנביאים,דירה,4,120,1,4,1955,חדש מקבלן,0,לא,כן,no,24.02.2026,5215000,43458,מתווך
D100413,מודיעין-מכבים-רעות,מוריה,  המלך דוד ,דירה,5,134,3,4,1958,חדש מקבלן,0,FALSE,FALSE,לא,2024-11-25,5486000,40940,בעל נכס
D100157,גבעתיים,ארלוזורוב,הזית,דופלקס,3,117,0,20,,משופץ,כן,FALSE,כן,no,2023-04-17,"6,031,000",51547,מתווך
D100179,ירושלים ,הר נוף,בורוכוב,פנטהאוז,5,175,8,8,1971,משופץ,yes,TRUE,כן,0,26.09.2022,"₪13,488,000",77074,בעל נכס
D100098,חולון,קריית שרת,ויצמן,דירה,5,145,3,5,2005,חדש מקבלן,כן,כן,0,כן,2022-08-20,7005000,48310,מתווך
D100408,גבעתיים,שינקין,הזית,דירה,3.5,88,6,6,1974,משופץ,1,FALSE,1,לא,2026-05-11,"6,124,000",69591,רשות המסים
D100123,אשדוד,מרינה,דרך השלום,דירה,2.5,62,,8,1963,,כן,לא,TRUE,no,2023-05-19,1489000,24016,בעל נכס
D100166,פתח תקווה,נווה גן ,מבצע קדש,דירת גג,1,26,4,4,1972,במצב טוב,לא,כן,yes,לא,17.06.2024,912000,35077,רשות המסים
D100161,חולון,תל גיבורים,אבן גבירול,דירה,1,21,3,15,1970,חדש מקבלן,TRUE,0,כן,0,2026-04-09,772000,36762,מתווך
D100117,"ת""א",רמת אביב,רוטשילד,דירה,5,148,9,15,1955,דורש שיפוץ,כן,no,כן,לא,2026-05-05,8701000,58791,רשות המסים
D100410,נתניה,מרכז העיר,לוי אשכול,דירה,3,74,0,20,1989,במצב טוב,כן,no,no,לא,2026-03-20,2931000,39608,רשות המסים
D100305,רחובות,קריית משה,אבן גבירול,דופלקס,4.5,166,1,20,2000,,TRUE,כן,TRUE,כן,2023-07-14,6535000,39367,מתווך
D100371,רעננה,כפר בתיה ,הרצל,דירה,4,112,6,6,1967,במצב טוב,yes,yes,כן,FALSE,2022-12-26,5691000,50812,רשות המסים
D100139,רמת גן,שכונת הלל,המלך דוד,בית פרטי,3,83,0,2,1965,במצב טוב,0,yes,yes,0,2026-04-26,4321000,52060,רשות המסים
D100138,הרצליה,הרצליה פיתוח,התאנה,דירה,3,95,5,6,1952,דורש שיפוץ,כן,לא,כן,no,21/06/2026,3621000,38116,רשות המסים
D100323,פתח תקווה,נווה גן ,הזית,דירה,6,176,3,3,1962,משופץ,לא,לא,no,לא,2025-07-20,5576000,31682,רשות המסים
D100129,מודיעין-מכבים-רעות,הפרחים ,אחד העם,דירה,3.5,74,1,3,2021,שמור,yes,1,1,TRUE,2026-07-22,4151000,56095,רשות המסים
D100033,מודיעין מכבים רעות,מוריה ,בורוכוב,דופלקס,3,92,6,6,1968,במצב טוב  ,כן,no,כן,0,2026-03-25,4430000,48152,מתווך
D100324,הרצליה,גליל ים,דרך השלום,בית פרטי,3.5,115,0,2,1982,במצב טוב,לא,כן,yes,0,Apr 2025,9488000,82504,מתווך
D100316,בית שמש,רמת בית שמש ג,הרב קוק,בית פרטי,3,95,0,2,1988,שמור,FALSE,0,1,no,2022-02-14,2944000,30989,רשות המסים
D100265,ירושלים,בקעה,הזית,דירת גן,3,89,6,20,2006,חדש מקבלן,yes,כן,TRUE,כן,2023-04-28,5783000,64978,רשות המסים
D100273,מודיעין-מכבים-רעות,הפרחים,לוי אשכול,דירה,3,88,3,4,,דורש שיפוץ,no,כן,0,no,2024-06-18,3027000,34398,רשות המסים
D100176,בית שמש,רמת בית שמש א',הנביאים,דירת גן,2.5,65,3,3,2014,חדש מקבלן,TRUE,כן,1,TRUE,2022-02-10,2234000,34369,רשות המסים
D100251,אשדוד,מרינה,"הפלמ""ח",דירה,4,114,9,9,2011,במצב טוב,כן,כן,TRUE,כן,2024-07-09,0,0,רשות המסים
D100047,כפר סבא,הדרים,שדרות ירושלים,פנטהאוז,3,114,3,3,1955,במצב טוב,0,לא,כן,FALSE,2024-06-06,6527000,57254,בעל נכס
D100173,חולון,קריית שרת ,המלך דוד,דירה,2.5,63,5,8,1984,במצב טוב,yes,no,0,לא,15.05.2023,2146000,34063,מתווך
D100345,נתניה,רמת פולג,הזית,דירה,3,58,2,3,2014,שמור,כן,yes,1,לא,2026-06-14,2926000,50448,רשות המסים
D100439,רחובות,רחובות ההולנדית,לוי אשכול,פנטהאוז  ,3.5,123,5,5,1983,משופץ,כן,לא,yes,לא,20/06/2023,5617000,45667,רשות המסים
D100294,רחובות,שעריים,ויצמן,פנטהאוז,5,185,3,3,1992,דורש שיפוץ,FALSE,לא,yes,לא,26/10/2025,"8,247,000",44578,רשות המסים
D100373,כפר סבא,הדרים,החשמונאים,דירה,3.5,88,6,9,1984,במצב טוב,TRUE,0,1,0,2022-01-14,"4,463,000",50716,בעל נכס
D100348,חיפה,אחוזה,ויצמן,דירת גן,3,94,3,3,2014,משופץ,yes,כן,כן,כן,2025-07-20,3212000,34170,רשות המסים
D100464,ירושלים,קטמון ,  מבצע קדש ,דירת גג,2,50,6,6,2012,שמור,כן,כן,לא,TRUE,2024-10-07,2516000,50320,רשות המסים
D100302,רעננה,לב הפארק ,ביאליק,דירה,3,73,3,3,2000,שמור,לא,yes,כן,כן,05.02.2023,4379000,59986,רשות המסים
D100198,בית שמש,"רמב""ש א'",החשמונאים,דירה,4,100,4,4,1997,חדש מקבלן,לא,כן,כן,yes,2025-08-08,2944000,29440,בעל נכס
D100250,בת ים,רמת יוסף,אחד העם,פנטהאוז,3,116,8,8,1983,משופץ,כן,כן,כן,לא,2021-01-05,3986000,34362,רשות המסים
D100415,בת ים,פארק הים ,המלך דוד,דירת גן,5.5,155,16,20,2023,משופץ,כן,1,1,כן,2022-12-19,8414000,54284,רשות המסים
D100241,בת ים,רמת הנשיא,סוקולוב,דירת גן,3,111,2,8,1974,משופץ,1,0,yes,0,26/11/2025,"4,436,000",39964,בעל נכס
D100158,רחובות,רחובות ההולנדית,בן גוריון,דופלקס,2,57,1,15,1974,במצב טוב,כן,TRUE,0,FALSE,27.11.2024,2083000,36544,רשות המסים
D100168,הרצליה,נוף ים,אבן גבירול,דירה,4,102,3,4,2004,שמור,כן,כן,כן,TRUE,Aug 2025,"₪5,037,000",49382,רשות המסים
D100310,בת ים,פארק הים,רוטשילד,דירת גג,4,108,12,12,1955,,TRUE,כן,כן,לא,03/02/2024,4255000,39398,בעל נכס
D100275,נתניה,נאות שקד,הרב קוק,דירה,3,63,7,15,1978,שמור,TRUE,כן,לא,0,2022-09-02,2152000,34159,רשות המסים
D100515,חולון,ג'סי כהן,עמק דותן,דירה,3.5,95,5,12,1996,דורש שיפוץ,כן,לא,לא,yes,2025-12-28,3695000,38895,רשות המסים
D100175,חיפה,כרמל מרכזי,עמק דותן,דופלקס,5,156,8,15,1987,חדש מקבלן,1,TRUE,כן,לא,2022-12-21,3728000,23897,רשות המסים
D100333,רעננה,מרכז ,אבן גבירול,דירה,4,99,0,9,2018,דורש שיפוץ,1,כן,yes,כן,2024-01-03,4990000,50404,רשות המסים
D100238,באר שבע,נווה זאב,אלנבי,דירה,3,84,1,8,1982,במצב טוב,TRUE,לא,1,FALSE,2025-10-03,"1,635,000",19464,רשות המסים
D100144,מודיעין,נופים,סוקולוב,דירה,3,97,12,12,2003,שמור,כן,1,yes,כן,2024-10-23,3206000,33052,רשות המסים
D100202,חיפה,קריית אליעזר,לוי אשכול,דירה,3,93,7,12,2005,דורש שיפוץ,yes,no,כן,1,2024-01-27,2341000,25172,רשות המסים
D100508,חיפה,נווה שאנן,רוטשילד,דופלקס,3.5,138,6,15,2011,שמור,כן,לא,כן,כן,2023-09-28,2781000,20152,רשות המסים
D100190,"ת""א",הצפון החדש,בורוכוב,דירה,6,157,,8,1987,חדש מקבלן,TRUE,FALSE,yes,לא,2026-06-13,15469000,98529,רשות המסים
D100463,רעננה,לב הפארק,דרך השלום,בית פרטי,5.5,218,,2,1958,במצב טוב,לא,yes,כן,לא,Dec 2025,14551000,66748,מתווך
D100329,חיפה,נווה שאנן ,התאנה,דופלקס,3.5,127,5,5,1982,חדש מקבלן,כן,0,לא,FALSE,2024-08-12,"₪2,532,000",19937,רשות המסים
D100414,פתח תקווה,נווה עוז,הרצל,פנטהאוז,4,134,8,8,2014,במצב טוב,1,1,לא,yes,2023-06-27,5816000,40797,מתווך
D100361,גבעתיים,"גבעת רמב""ם",לוי אשכול,דירה,4.5,111,10,15,1974,דורש שיפוץ,yes,FALSE,כן,לא,2026-07-22,4897000,44117,רשות המסים
D100044,בית שמש,שיינפלד,החשמונאים,דירת גן,3.5 חדרים,126,6,15,1984,חדש מקבלן,כן,no,TRUE,לא,2023-10-17,4024000,27033,רשות המסים
D100288,נתניה,אגמים,התאנה,דירת גג,5.5,161,3,3,2020,במצב טוב,כן,1,0,כן,2026-07-08,"6,567,000",40789,בעל נכס
D100502,כפר סבא,כפר סבא הירוקה ,ויצמן,דירה,5.5,155,7,8,1983,במצב טוב,כן,לא,כן,0,19.04.2022,7313000,47181,מתווך
D100214,בית-שמש,רמת בית שמש א',אחד העם,פנטהאוז,3.5,138,3,3,,  שמור ,FALSE,כן,כן,0,2024-09-16,4845000,35109,רשות המסים
D100016,בית שמש,"רמב""ש ג'",לוי אשכול,פנטהאוז,4,157,15,15,1980,דורש שיפוץ,כן,TRUE,1,לא,2023-02-22,5400000,34395,רשות המסים
D100308,הרצליה,הרצליה פיתוח,התאנה,דירת גן  ,3.5,140,4,4,2002,חדש מקבלן,1,כן,yes,כן,2023-08-12,8198000,58557,רשות המסים
D100395,חיפה,הדר הכרמל ,רוטשילד,בית פרטי,2,91,0,2,2018,דורש שיפוץ,כן,yes,yes,1,2024-01-21,2282000,25077,רשות המסים
D100039,אשדוד,"רובע ט""ו ",הרצל,דופלקס,6,248,2,3,2004,שמור,1,1,כן,1,2022-04-28,"7,831,000",31577,רשות המסים
D100255,ראשון לציון,נאות שקמה,ז'בוטינסקי,דירה,6,143,2,4,2024,דורש שיפוץ,1,,1,כן,2024-11-28,4338000,30336,בעל נכס
D100148,רחובות,נווה יהודה ,אבן גבירול,פנטהאוז,4,175,4,4,1987,שמור,no,לא,כן,no,2024-02-26,9019000,51537,רשות המסים
D100267,רעננה,כפר בתיה,לוי אשכול,דירה,2.5,64,,6,1969,דורש שיפוץ,1,FALSE,כן,FALSE,21/05/2025,3371000,52672,בעל נכס
D100307,רחובות,מרכז ,ביאליק,דירה,3,88,4,4,2008,משופץ,1,כן,1,TRUE,2023-04-05,3771000,42852,בעל נכס
D100124,מודיעין מכבים רעות,כרמים,מבצע קדש,דירה,5.5,146,1,4,1956,משופץ,לא,לא,TRUE,0,2025-10-05,"5,727,000",39226,רשות המסים
D100081,פתח תקווה,נווה עוז ,המלך דוד,פנטהאוז,3,131,9,9,2019,דורש שיפוץ,כן,no,TRUE,TRUE,2024-10-20,4045000,30878,מתווך
D100326,פתח תקווה,הדר גנים,רוטשילד,פנטהאוז,3.5,132,15,15,1977,במצב טוב,כן,TRUE,1,no,2025-10-03,6235000,47235,רשות המסים
D100331,חיפה,רמת אלמוגי,עמק דותן,דופלקס,4.5,161,10,12,,במצב טוב,yes,כן,1,לא,2023-10-06,4195000,21163,מתווך
D100398,באר שבע,,המלך דוד,דירה  ,4,103,0,4,,במצב טוב,כן,כן,1,0,03.04.2025,1636000,15883,רשות המסים
D100261,רחובות,מרכז,החשמונאים,דירת גן,3,109,6,20,1976,שמור,1,yes,yes,FALSE,2022-04-07,4021000,36890,מתווך
D100315,מודיעין-מכבים-רעות,נופים,ויצמן,דירה,3,80,4,5,2019,חדש מקבלן,yes,כן,כן,כן,2025-05-25,3431000,42888,בעל נכס
D100429,רעננה,מרכז,מבצע קדש,פנטהאוז,4,170,9,9,1981,משופץ,כן,כן,כן,לא,2023-09-08,11554000,67965,רשות המסים
D100440,גבעתיים,שינקין,דרך השלום,פנטהאוז,3.5,87,4,4,2013,במצב טוב,כן,כן,לא,TRUE,2025-03-26,9486000,109034,מתווך
D100400,מודיעין מכבים רעות,בוכמן,ביאליק,דירה,4,125,0,3,1983,במצב טוב,FALSE,לא,1,0,18/01/2023,5422000,43376,רשות המסים
D100311,כפר סבא,הדרים,בן גוריון,דירת גג,4,117,,9,1964,משופץ,כן,,כן,לא,2025-11-26,7228000,61778,רשות המסים
D100231,בית שמש,מרכז,בורוכוב,פנטהאוז,4.5,155,3,3,1962,חדש מקבלן,לא,0,כן,no,2025-11-03,6030000,38903,בעל נכס
D100455,בת ים,פארק הים,רוטשילד,דירה,4.5,99,2,5,2014,דורש שיפוץ,1,כן,TRUE,כן,2025-10-09,4600000,46465,רשות המסים
D100475,בת ים,רמת הנשיא,רוטשילד,פנטהאוז,5,,8,8,2001,דורש שיפוץ,כן,לא,TRUE,TRUE,2026-02-09,9577000,,רשות המסים
D100372,רעננה,נווה זמר,רוטשילד,דירה,4,99,4,9,1951,חדש מקבלן,כן,כן,לא,לא,2025-04-10,3816000,38545,רשות המסים
D100344,כפר סבא,יוספטל ,ויצמן,דירה,2.5,65,3,4,2011,משופץ,1,TRUE,yes,כן,2025-03-08,2844000,43754,רשות המסים
D100099,רחובות,נווה יהודה,הרב קוק,דירת גן,4.5,188,3,3,2003,חדש מקבלן,כן,כן,כן,yes,2024-10-04,11282000,60011,רשות המסים
D100015,ראשון לציון,נווה ים ,לוי אשכול,דירת גג,3,73,6,6,1991,דורש שיפוץ,כן,כן,לא,no,2025-07-22,"2,282,000",31260,בעל נכס
D100203,בת ים,רמת הנשיא ,בן גוריון,דירה,3,75,4,4,1969,שמור,FALSE,לא,כן,FALSE,09/03/2021,2096000,27947,רשות המסים
D100165,תל אביב,הצפון החדש ,לוי אשכול,דירת גג,2,57,15,15,1988,משופץ,כן,FALSE,כן,לא,2022-09-04,6355000,111491,רשות המסים
D100514,באר-שבע,נאות לון,הזית,דירה,3,76,9,12,2018,שמור,1,FALSE,1,כן,2026-02-16,1325000,17434,בעל נכס
D100222,כפר סבא,,מבצע קדש,דירה,3.5,78,3,6,1984,דורש שיפוץ,1,כן,לא,לא,24/01/2021,2552000,32718,מתווך
D100499,אשדוד,"רובע ט""ו",הרצל,דירת גן,4,116,3,4,1990,חדש מקבלן,FALSE,לא,1,לא,17/05/2026,4117000,35491,בעל נכס
D100452,כפר סבא,כפר סבא הירוקה ,המלך דוד,דירה,3,96,2,8,1990,דורש שיפוץ,yes,לא,1,לא,28.12.2024,4375000,45573,רשות המסים
D100209,גבעתיים,שינקין,"הפלמ""ח",דופלקס,4.5,164,1,5,2005,משופץ,כן,yes,1,TRUE,2022-12-19,13582000,82817,רשות המסים
D100473,רמת גן,שכונת הלל,שדרות ירושלים,דירה,3,77,5,5,2014,שמור,כן,כן,TRUE,כן,2024-10-07,3266000,42416,בעל נכס
D100116,מודיעין-מכבים-רעות,בוכמן ,החשמונאים,פנטהאוז,4,118,,12,1961,חדש מקבלן,כן,לא,כן,0,2023-03-01,"8,015,000",67924,רשות המסים
D100186,תל אביב יפו,,דרך השלום,דירת גן,4,127,1,5,2004,דורש שיפוץ,1,yes,כן,1,2025-07-02,7875000,62008,רשות המסים
D100470,נתניה,רמת פולג ,שדרות ירושלים,דופלקס,5.5,208,7,9,1950,משופץ,כן,כן,1,לא,03.07.2026,11209000,53889,רשות המסים
D100466,גבעתיים,ארלוזורוב,התאנה,דירת גג,5,119,20,20,1972,משופץ,1,לא,FALSE,0,06/09/2025,7277000,61151,מתווך
D100386,נתניה,מרכז ,הנביאים,דירה,3.5,69,6,6,2012,שמור,yes,FALSE,כן,כן,2024-08-28,2668000,38667,רשות המסים
D100321,רעננה,נווה זמר,בן גוריון,דירה,3.5,83,6,20,1976,דורש שיפוץ,כן,לא,TRUE,לא,2023-12-05,2536000,30554,רשות המסים
D100127,כפר סבא,הדרים,החשמונאים,פנטהאוז,5,157,15,15,1986,חדש מקבלן,yes,לא,כן,לא,28/09/2025,12103000,77089,בעל נכס
D100085,נתניה,קריית נורדאו,ויצמן,דירה,5,132,0,3,1952,משופץ,0,no,yes,0,16.09.2022,3913000,26903,מתווך
D100290,תל אביב יפו,בבלי ,אלנבי,דירה,3.5,105,8,9,2010,דורש שיפוץ,yes,לא,כן,TRUE,2024-01-22,9158000,87219,רשות המסים
D100038,ראשון לציון,נאות שקמה,אלנבי,דירה,4,118,6,6,2008,משופץ,כן,TRUE,כן,yes,22.11.2025,4215000,35720,רשות המסים
D100263,נתניה,קריית נורדאו,השרון,דירה,3,85,2,12,,משופץ,כן,כן,1,לא,2026-05-02,3534000,41576,מתווך
D100430,מודיעין-מכבים-רעות,כרמים,המלך דוד,דירת גן,6,258,1,5,2011,חדש מקבלן,TRUE,TRUE,yes,TRUE,2025-07-11,14285000,59829,בעל נכס
D100492,חיפה,רמות רמז,המלך דוד,דירת גג,2,42,12,12,2010,במצב טוב,1,,no,0,2024-02-22,"1,084,000",25810,בעל נכס
D100390,חולון,קריית שרת,אחד העם,דופלקס,3.5,121,4,6,2008,משופץ  ,כן,כן,כן,1,08.06.2021,5017000,46333,מתווך
D100418,בת ים,רמת יוסף,רוטשילד,דירת גג,3 חדרים,89,3,3,2016,דורש שיפוץ,כן,yes,כן,1,26.12.2024,2920000,32809,רשות המסים
D100451,חיפה,אחוזה,החשמונאים,דירה,4,100,16,20,1989,משופץ,כן,yes,1,no,2025-07-14,3101000,31010,בעל נכס
D100066,באר-שבע,שכונה ו',יהודה הלוי,דירת גג,3,88,9,9,1972,במצב טוב,כן,לא,1,0,2025-08-21,1309000,14875,רשות המסים
D100342,Jerusalem,,ז'בוטינסקי,דירה,4,125,0,6,2017,דורש שיפוץ,כן,כן,כן,כן,2024-06-02,5761000,46088,רשות המסים
D100075,מודיעין,נופים ,השרון,דירת גג,3.5,74,4,4,1975,משופץ,0,כן,כן,FALSE,2026-02-28,2691000,37351,רשות המסים
D100037,אשדוד,"רובע י""א ",אחד העם,דופלקס,4,156,1,12,,דורש שיפוץ,כן,0,כן,לא,2026-03-21,4364000,27974,בעל נכס
D100412,פתח תקווה,מרכז ,הנביאים,דירה,3,85,9,12,2003,דורש שיפוץ,כן,לא,כן,כן,2025-07-12,"₪3,068,000",36094,מתווך
D100278,הרצליה,נווה עמל ,עמק דותן,דירת גג,6,156,15,15,1981,דורש שיפוץ,כן,no,FALSE,לא,21.01.2026,8086000,51833,רשות המסים
D100322,תל אביב,בבלי,"הפלמ""ח",דירה,1,34,1,20,1953,שמור,TRUE,לא,לא,no,22.08.2022,2840000,83529,רשות המסים
D100325,רעננה,כפר בתיה,אבן גבירול,דירת גג,3,75,4,4,2024,שמור,yes,no,FALSE,כן,22/04/2026,6245000,83267,רשות המסים
D100284,גבעתיים,ארלוזורוב,סוקולוב,דירה,5,113,11,12,1958,שמור,1,0,0,לא,Jul 2025,5157000,45637,בעל נכס
D100199,חולון,ג'סי כהן ,אבן גבירול,דופלקס,6,191,18,20,2004,שמור,כן,לא,TRUE,כן,2026-01-04,10730000,56178,רשות המסים
D100089,בת ים,פארק הים ,בורוכוב,דירת גן,4.5 חדרים,151,6,9,2011,שמור,כן,כן,כן,כן,01.03.2026,"8,623,000",57106,מתווך
D100051,ראשון לציון,קריית ראשון ,המלך דוד,דירת גן,3.5,95,4,4,2002,במצב טוב,כן,לא,FALSE,כן,03/09/2021,2649000,27884,רשות המסים
D100434,ראשון לציון,רמת אליהו,אלנבי,פנטהאוז,5,202,20,20,2016,,TRUE,כן,כן,1,2025-12-01,8154000,34189,בעל נכס
D100436,חולון,קריית שרת,לוי אשכול,דירת גן,2,60,6,8,1976,דורש שיפוץ,כן,לא,yes,0,2025-12-05,2156000,35933,רשות המסים
D100472,הרצליה,נוף ים,דרך השלום,דירת גג,3,65,5,5,1993,במצב טוב,TRUE,לא,לא,כן,2023-10-24,3482000,53569,רשות המסים
D100495,תל אביב,Florentin,עמק דותן,דירה,5.5,114,2,8,2024,שמור,yes,כן,כן,yes,23/02/2026,9570000,83947,רשות המסים
D100340,ראשון לציון,רמת אליהו ,החשמונאים,דופלקס,3,116,3,3,1969,חדש מקבלן,לא,לא,TRUE,FALSE,2021-11-19,2685000,23147,בעל נכס
D100097,אשדוד,רובע ז' ,התאנה,דירת גן,5,172,2,5,1953,במצב טוב,1,no,yes,לא,2022-11-23,3950000,22965,מתווך
D100110,חיפה,הדר הכרמל,הרצל,דירת גן,3,86,,20,2004,במצב טוב,TRUE,,לא,1,2026-07-10,2435000,28314,רשות המסים
D100411,גבעתיים,"גבעת רמב""ם",שדרות ירושלים,דירת גג,4.5,110,15,15,1985,שמור,כן,כן,FALSE,לא,21/10/2024,7176000,65236,רשות המסים
D100246,כפר סבא,מרכז העיר,סוקולוב,פנטהאוז,3,106,12,12,1973,משופץ,1,FALSE,כן,לא,16/07/2026,6271000,59160,מתווך
D100491,נתניה,אגמים ,סוקולוב,דירה,4,112,1,20,1973,במצב טוב,1,כן,1,לא,23.08.2022,"2,992,000",26714,בעל נכס
D100164,רעננה,מרכז העיר,הנביאים,דירה,2,47,6,9,,במצב טוב,כן,,כן,TRUE,01.11.2023,2790000,59362,בעל נכס
D100487,פתח תקווה,מרכז ,"הפלמ""ח",בית פרטי,3.5,117,0,2,2017,שמור,TRUE,TRUE,yes,כן,Jan 2023,6305000,53889,רשות המסים
D100416,רעננה,מרכז ,אבן גבירול,דירה,5,127,,20,1978,חדש מקבלן,כן,לא,FALSE,לא,2023-08-15,6899000,54323,רשות המסים
D100156,רחובות,קריית משה,לוי אשכול,דירה,3,74,11,15,,במצב טוב,1,0,כן,FALSE,2021-08-08,2267000,30635,רשות המסים
D100005,מודיעין,בוכמן,התאנה,דירה,4,99,1,8,1959,במצב טוב,כן,no,0,0,2026-07-01,4507000,45525,רשות המסים
D100272,רחובות,מרכז ,לוי אשכול,דירה,3,83,0,8,2003,חדש מקבלן,yes,1,no,FALSE,2026-05-08,3878000,46723,רשות המסים
D100300,כפר סבא,כפר סבא הירוקה,מבצע קדש,פנטהאוז,4 חדרים,132,20,20,1956,שמור,כן,TRUE,yes,0,2024-12-12,9063000,80075,בעל נכס
D100137,בת ים,מרכז,אחד העם,דירה,5,128,4,4,1973,דורש שיפוץ,לא,no,כן,FALSE,03/11/2021,2763000,21586,רשות המסים
D100480,"ב""ש",נאות לון,ז'בוטינסקי,דירת גן,5,207,6,8,1958,דורש שיפוץ,yes,FALSE,1,0,28/02/2021,2024000,9334,מתווך
D100269,הרצליה,נוף ים,השרון,דירה,3.5,102,4,8,1968,משופץ,yes,לא,כן,0,14/07/2022,4649000,45578,מתווך
D100058,גבעתיים,ארלוזורוב,ויצמן,דירה,3.5,92,4,8,1981,במצב טוב,כן,0,כן,no,2024-09-18,4366000,47457,מתווך
D100007,בית שמש,רמת בית שמש ג,בן גוריון,פנטהאוז,3.5,105,8,8,1987,משופץ,1,כן,כן,no,2025-07-22,4232000,40305,בעל נכס
D100404,מודיעין מכבים רעות,בוכמן,ויצמן,דירה,2,63,15,20,1958,במצב טוב,כן,no,TRUE,no,17/09/2023,2400000,38095,רשות המסים
D100262,ירושלים ,נחלאות,הרצל,דירה,4,113,0,6,1987,  במצב טוב ,כן,1,0,FALSE,2026-04-22,4735000,41903,מתווך
D100031,בת ים,פארק הים,סוקולוב,דופלקס,5,166,1,8,2020,במצב טוב,כן,1,כן,כן,2025-05-22,"9,948,000",59928,מתווך
D100191,נתניה,נאות שקד ,ביאליק,דירה,4,122,2,3,1974,במצב טוב,0,כן,FALSE,לא,09.09.2023,4033000,33057,רשות המסים
D100006,רעננה,שכונת הפארק ,אבן גבירול,פנטהאוז,3.5,122,6,6,1951,במצב טוב,כן,לא,1,0,2026-05-01,8371000,68615,רשות המסים
D100201,תל אביב יפו,נווה צדק,המלך דוד,דירה,4.5,107,,9,2018,שמור,1,כן,כן,כן,2021-11-26,7526000,70336,רשות המסים
D100505,רעננה,שכונת הפארק ,לוי אשכול,דירת גן,4,179,3,4,,חדש מקבלן,0,לא,TRUE,לא,Aug 2024,10315000,57626,בעל נכס
D100383,ראשון לציון,נחלת יהודה,אחד העם,פנטהאוז,3,107,4,4,1966,דורש שיפוץ,לא,TRUE,כן,0,2024-09-15,"₪4,706,000",43981,בעל נכס
D100069,רמת גן,שכונת הלל,לוי אשכול,פנטהאוז,4.5,143,3,3,2005,במצב טוב,כן,1,1,1,2023-06-18,7988000,55860,בעל נכס
D100154,באר שבע,העיר העתיקה,הרצל,פנטהאוז,5,158,15,15,1989,משופץ,1,no,לא,0,2026-02-22,2848000,18025,בעל נכס
D100076,ירושלים ,הר נוף,עמק דותן,דירת גן,3.5,109,18,20,1978,משופץ,כן,no,כן,לא,2023-04-01,6689000,61367,רשות המסים
D100215,ראשון לציון,רמת אליהו,דרך השלום,דירת גן,1,26,3,4,1998,שמור,FALSE,TRUE,לא,yes,2025-05-28,933000,35885,רשות המסים
D100099,רחובות,נווה יהודה,הרב קוק,דירת גן,4.5,188,3,3,2003,חדש מקבלן,כן,כן,כן,yes,2024-10-04,11282000,60011,רשות המסים
D100021,רעננה,כפר בתיה,שדרות ירושלים,דירה,5,134,3,4,1984,שמור,FALSE,כן,כן,FALSE,2026-05-18,8839000,65963,בעל נכס
D100287,פתח תקווה,מרכז העיר,לוי אשכול,דירה,3,74,3,4,2024,,TRUE,TRUE,לא,yes,2024-09-13,3465000,46824,רשות המסים
D100060,בת ים,מרכז,עמק דותן,דירת גג,3,66,9,9,1955,דורש שיפוץ,TRUE,כן,TRUE,לא,12/08/2024,2394000,36273,רשות המסים
D100212,חולון,,החשמונאים,דירה,2.5,76,0,4,2024,במצב טוב,כן,כן,TRUE,1,2022-02-21,3260000,42895,מתווך
D100299,רעננה,נווה זמר,המלך דוד,פנטהאוז,5,137,6,6,2020,משופץ,1,TRUE,no,כן,2026-06-06,9051000,66066,רשות המסים
D100095,כפר סבא,יוספטל,יהודה הלוי,בית פרטי,4.5,122,0,2,2024,במצב טוב,yes,כן,כן,yes,2024-08-04,6130000,50246,מתווך
D100337,רחובות,נווה יהודה ,המלך דוד,דירת גג,4,101,20,20,1997,דורש שיפוץ,yes,כן,כן,no,22.01.2022,4504000,44594,רשות המסים
D100405,Tel Aviv-Yafo,שפירא,ויצמן,דופלקס,3,124,7,9,1950,דורש שיפוץ,1,כן,כן,0,09/05/2025,9948000,80226,רשות המסים
D100503,מודיעין מכבים רעות,נופים,"  הפלמ""ח ",דירה,3.5,91,4,20,1988,משופץ,1,0,no,no,01.08.2022,2749000,30209,רשות המסים
D100245,נתניה,מרכז ,הרב קוק,דופלקס,2.5,81,3,4,1961,שמור,לא,1,TRUE,לא,Sep 2024,2989000,36901,מתווך
D100500,רמת גן,רמת חן ,רוטשילד,דירת גג,2,62,20,20,1979,  במצב טוב ,TRUE,0,כן,לא,2025-01-19,2536000,40903,רשות המסים
D100017,באר שבע,שכונה ו',הרצל,בית פרטי,3.5,127,0,2,1959,שמור,לא,לא,TRUE,0,15/06/2025,1851548,15110,מתווך
D100192,אשדוד,רובע ז',שדרות ירושלים,דירת גג,4,86,15,15,1974,חדש מקבלן,כן,TRUE,TRUE,לא,2022-11-05,2607000,30314,רשות המסים
D100280,נתניה,עיר ימים,ז'בוטינסקי,בית פרטי,3,130,0,2,1989,במצב טוב,לא,0,0,לא,04/11/2021,"5,214,000",40108,רשות המסים
D100338,באר שבע,העיר העתיקה ,הרצל,דירה,4.5,125,0,3,2022,משופץ,1,לא,yes,כן,03/06/2026,2005000,16040,בעל נכס
D100303,מודיעין,כרמים,הרצל,דירת גן,5.5,134,2,5,1998,במצב טוב,כן,לא,לא,TRUE,26.02.2024,6195332,45254,מתווך
D100101,פתח תקווה,נווה עוז,בן גוריון  ,דירת גן,4,137,3,4,2017,חדש מקבלן,1,TRUE,כן,TRUE,19/03/2023,5795000,42299,מתווך
D100497,חולון,ג'סי כהן,השרון,דירה,3.5,95,4,4,2018,דורש שיפוץ,1,כן,TRUE,yes,2026-03-04,3953000,41611,בעל נכס
D100096,Tel Aviv-Yafo,בבלי,"הפלמ""ח",דופלקס,3.5,133,4,4,1987,דורש שיפוץ,FALSE,0,TRUE,0,2026-04-19,11728000,88180,רשות המסים
D100293,נתניה,אגמים,אלנבי,דירה,3,75,,3,1992,דורש שיפוץ,לא,,לא,no,2025-12-08,2136000,28480,רשות המסים
D100501,חיפה,נווה שאנן ,הרב קוק,דירה,3.5,76,8,9,1994,דורש שיפוץ,כן,כן,כן,yes,2026-03-24,"1,313,000",17276,בעל נכס
D100083,כפר סבא,יוספטל,הנביאים,בית פרטי,3,130,0,2,,שמור,לא,1,FALSE,TRUE,2025-09-07,6108000,46985,מתווך
D100013,ראשון לציון,רמת אליהו,הזית,דופלקס,4,,4,4,1951,חדש מקבלן,לא,כן,1,FALSE,Sep 2025,5078000,,רשות המסים
D100062,חיפה,נווה שאנן ,אלנבי,דירה,4.5,113,3,15,2013,חדש מקבלן,yes,TRUE,לא,yes,Apr 2025,2215000,19602,רשות המסים
D100071,אשדוד,"רובע י""א",הזית,דירה,3.5,105,1,3,2015,דורש שיפוץ,yes,yes,yes,no,2024-07-23,2913000,27743,מתווך
D100518,חולון,נאות רחל,אלנבי,דופלקס,2,71,8,9,1989,משופץ,1,לא,כן,לא,2021-11-25,2242000,31577,רשות המסים
D100476,מודיעין-מכבים-רעות,מוריה,הזית,דירה,5,108,8,8,2008,במצב טוב,כן,yes,yes,1,2023-09-07,4594000,42537,רשות המסים
D100465,בת ים,מרכז ,דרך השלום,דירת גן,4,158,6,9,2010,חדש מקבלן,כן,1,כן,yes,2025-12-09,9696000,61367,רשות המסים
D100125,ראשון לציון,קריית ראשון ,ויצמן,דירת גג,4.5,95,20,20,2019,דורש שיפוץ,כן,לא,FALSE,כן,2024-01-26,2793000,29400,מתווך
D100471,נתניה,אגמים,בורוכוב,דירה,3,72,2,4,1975,שמור,לא,FALSE,כן,no,14.03.2024,1977000,27458,מתווך
D100260,חולון,קריית שרת,לוי אשכול,דופלקס,5 חדרים,190,1,3,1996,שמור,לא,כן,yes,1,2021-06-06,6627000,34879,מתווך
D100206,כפר סבא,יוספטל,השרון,דירה,5.5,155,0,4,1989,חדש מקבלן,FALSE,כן,yes,0,09.06.2023,5909000,48540,מתווך
D100244,נתניה,רמת פולג,עמק דותן,דירה,4,94,1,3,2024,במצב טוב,1,כן,FALSE,no,Sep 2022,4485000,47713,רשות המסים
D100184,בית-שמש,שיינפלד,ז'בוטינסקי,דופלקס,1,23,2,4,2013,שמור,כן,TRUE,לא,כן,2023-08-15,805000,35000,רשות המסים
D100341,מודיעין,מוריה ,הרצל,דירה,4.5 חדרים,105,4,8,2018,משופץ,כן,yes,כן,כן,2024-08-01,4914000,46800,רשות המסים
D100486,ראשון לציון,נאות שקמה,ז'בוטינסקי,דירת גן,3.5,118,11,15,2023,חדש מקבלן,1,כן,no,כן,26/06/2025,5871000,49754,בעל נכס
D100450,באר שבע,העיר העתיקה ,אחד העם,דירת גן,3,103,8,8,2013,דורש שיפוץ,כן,1,כן,TRUE,2025-07-20,1358000,13184,רשות המסים
D100135,כפר סבא,מרכז ,רוטשילד,פנטהאוז,4,158,15,15,2020,חדש מקבלן,כן,yes,yes,yes,2024-03-04,12021000,76082,מתווך
D100045,גבעתיים,רמת יוסף,הזית,דירה,4,106,1,8,2023,חדש מקבלן,TRUE,כן,כן,כן,12/12/2021,4816000,45434,רשות המסים
D100034,הרצליה,גליל ים ,התאנה,דופלקס,3.5,159,0,12,2015,דורש שיפוץ,כן,לא,TRUE,כן,2025-12-26,9576000,60226,מתווך
D100035,גבעתיים,שינקין ,אלנבי,דופלקס,5.5,209,1,15,1997,חדש מקבלן,yes,כן,כן,כן,2026-07-18,22532000,107809,רשות המסים
D100217,נתניה,מרכז,הרצל,דירת גן,3,93,7,9,1988,במצב טוב,TRUE,לא,1,לא,2025-11-28,3476000,37376,רשות המסים
D100360,הרצליה,הרצליה פיתוח,לוי אשכול  ,פנטהאוז,4.5,170,9,9,2016,חדש מקבלן,כן,כן,כן,כן,2023-05-01,13265000,78029,רשות המסים
D100286,גבעתיים,בורוכוב,יהודה הלוי,דירת גן,2.5,68,2,9,1951,שמור,כן,כן,כן,לא,06/05/2026,3729000,54838,בעל נכס
D100224,בית-שמש,"רמב""ש ג'",יהודה הלוי,דירה,4,90,3,4,1981,חדש מקבלן,לא,לא,TRUE,לא,2023-04-25,2822000,31356,רשות המסים
D100416,רעננה,מרכז ,אבן גבירול,דירה,5,127,,20,1978,חדש מקבלן,כן,לא,FALSE,לא,2023-08-15,6899000,54323,רשות המסים
D100018,אשדוד,מרינה,שדרות ירושלים,דופלקס,3.5,99,3,4,1957,דורש שיפוץ,FALSE,1,no,0,2026-05-07,2177000,21990,בעל נכס
D100243,גבעתיים,בורוכוב,אלנבי,דירה,2.5,71,3,3,1978,חדש מקבלן,no,כן,כן,לא,2025-07-02,4485000,63169,רשות המסים
D100215,ראשון לציון,רמת אליהו,דרך השלום,דירת גן,1,26,3,4,1998,שמור,FALSE,TRUE,לא,yes,2025-05-28,933000,35885,רשות המסים
D100109,רמת גן,רמת חן,המלך דוד,דירה,3,75,1,4,1987,שמור,no,לא,לא,לא,02/01/2025,2800000,38943,רשות המסים
D100378,באר שבע,רמות ,ז'בוטינסקי,פנטהאוז,4,98,20,20,2023,שמור,TRUE,yes,כן,כן,2022-03-20,2530000,25816,רשות המסים
D100022,הרצליה,גליל ים,שדרות ירושלים,דירה,4.5,126,1,3,1957,שמור,לא,לא,כן,0,2022-02-25,6994000,55508,רשות המסים
D100441,כפר סבא,הדרים,החשמונאים,דירה,4.5,94,3,4,1979,במצב טוב,לא,כן,1,לא,2025-08-23,4333000,46096,מתווך
D100376,נתניה,נאות שקד,הזית,דירה,5.5,128,20,20,1966,משופץ,כן,לא,כן,לא,2025-08-06,4327000,33805,רשות המסים
D100509,פתח תקווה,כפר גנים,השרון,דירה,4.5,117,1,4,2000,חדש מקבלן,no,כן,כן,כן,24/01/2026,5718000,48872,מתווך
D100449,אשדוד,מרינה,לוי אשכול,דירה,4,103,2,3,2016,חדש מקבלן,כן,כן,כן,yes,Oct 2021,2805000,21313,בעל נכס
D100025,ראשון לציון,קריית ראשון ,מבצע קדש,דירה,4.5,,10,12,,במצב טוב,1,לא,כן,no,2021-04-03,"2,666,000",,רשות המסים
D100136,רמת גן,קריית קריניצי ,אחד העם,דירה,3.5,101,3,20,1973,במצב טוב,כן,כן,1,FALSE,20.10.2024,6175000,61139,מתווך
D100143,באר שבע,רמות,מבצע קדש,דירה,4.5,116,4,15,1965,דורש שיפוץ,כן,לא,FALSE,no,2026-07-22,1774000,15293,רשות המסים
D100169,נתניה,קריית נורדאו,השרון,פנטהאוז,3.5 חדרים,121,20,20,,משופץ,TRUE,לא,yes,0,2024-04-14,6059000,50074,רשות המסים
D100104,רמת גן,תל בנימין,בן גוריון,דופלקס,4.5,188,0,4,1990,משופץ,לא,לא,לא,0,05/05/2023,12098000,64351,רשות המסים
D100119,ירושלים,קטמון,הרב קוק,דופלקס,5,172,3,8,1973,שמור,כן,כן,כן,לא,2025-12-19,6646000,38640,רשות המסים
D100456,כפר סבא,יוספטל,דרך השלום,דירת גן,3.5,134,9,12,2019,דורש שיפוץ,TRUE,,yes,כן,2023-10-01,5568000,41552,רשות המסים
D100235,ראשון לציון,נווה ים,מבצע קדש,דירה,4,111,8,12,2011,דורש שיפוץ,1,1,כן,yes,23/09/2022,3246000,29243,מתווך
D100506,נתניה,רמת פולג,החשמונאים,דירה,2.5,59,0,4,2021,דורש שיפוץ,כן,לא,1,לא,Mar 2026,2288000,38780,רשות המסים
D100349,פתח תקווה,אם המושבות,הנביאים,פנטהאוז,4,179,15,15,1983,שמור,כן,1,no,0,2024-01-21,6960000,38883,מתווך
D100229,ראשון לציון,נחלת יהודה ,עמק דותן,דירה,3,71,4,20,1968,חדש מקבלן,כן,FALSE,FALSE,לא,2025-12-28,2979000,41958,רשות המסים
D100188,חולון,קריית שרת,הרב קוק,בית פרטי,4,135,0,2,2013,חדש מקבלן,TRUE,לא,לא,כן,27/05/2026,8502000,62978,רשות המסים
